score,hospital,country,email,context,page_url,crawled_at
30,Advocate Health,USA,media@advocatehealth.org,"of Patient Advocacy &amp; Physician Relations.</p> <ul> <li>Call at <a href=""tel:17082133580"">708-213-3580</a></li> <li><a href=""mailto:joe.palmer@advocatehealth.com"">Email</a></li> </ul> <h2>News Media Contact</h2> <p>E",https://www.advocatehealth.com/ssub/patients-visitors/contact-us,2026-08-03T22:23:30.733324
25,Hamilton Health Sciences,Canada,donations@hamiltonhealth.ca,"ences, from donating to our foundations, volunteering your time, parking in our parking lots, sending flowers, or making a purchase at one of our gift shops and cafeterias.</p> <p>For inquiries about monetary donations, ",https://www.hamiltonhealthsciences.ca/about-us/ways-to-give/,2026-08-03T22:43:57.440172
25,Bristol University NHS Trust,UK,pressoffice@uhbw.nhs.uk,"nhs.uk"">informationgovernance@uhbw.nhs.uk</a>.</p> <h2>Media enquiries</h2> <p>If you have a media enquiry relating to patients or services at the Trust's hospitals in Bristol or Weston, please contact: 0117 342 3629 or ",https://www.uhbristol.nhs.uk/contact-us,2026-08-03T22:46:36.167362
25,Cambridge University Hospitals,UK,cuh.procurement@nhs.net,"3"">Invoices</h3><p data-block-key=""bieue"">For invoices please <a href=""mailto:cuh.creditors@nhs.net"">email the creditors team</a>.</p><h3 data-block-key=""2n3bg"">Purchase orders</h3><p data-block-key=""j7d6k"">For purchase ",https://www.cuh.nhs.uk/contact-us/contact-enquiries/,2026-08-03T22:46:26.219444
25,Imperial College Healthcare NHS,UK,imperial.press.office@nhs.net,to all reasonable requests.</p> <h3>How to contact us</h3> <p>If you have a media enquiry please contact the press office directly on 020 3312 1475. We are open from 9.00 to 17.00 Monday to Friday.&nbsp;</p> <p>Or you ca,https://www.imperial.nhs.uk/contact-and-find-us/press-office,2026-08-03T22:45:47.705762
25,Liverpool University Hospitals,UK,procurement.helpdesk@liverpoolft.nhs.uk,"nt team is multi-faceted and has responsibility for all procurement systems including our ordering system (Oracle), Genesis (Inventory Management) and eDC (NHSSC ordering system).&nbsp;</p> <p>Suppliers seeking support s",https://www.uhliverpool.nhs.uk/contact-us/procurement,2026-08-03T22:47:16.059218
25,Northumbria Healthcare NHS,UK,your.name@northumbria-healthcare.nhs.uk,"dcdn.msftauthimages.net/c1c6b6c8-9l7ngmoeoad40jkk5ig1hwhkpbgb2zq1vgsbefixfms/logintenantbranding/0/illustration?ts=638100822957733771"",""BackgroundColor"":""#005eb8"",""BoilerPlateText"":""<p>Please provide the required authent",https://staffportal.northumbria.nhs.uk/,2026-08-03T22:48:13.870411
25,University Hospitals of Leicester,UK,uhl-tr.pressoffice@nhs.net,"</dl> </div> </div> <div class=""card-wide-contact__buttons""> <a class=""button-link"" href=""mailto:uhl-tr.pressoffice@nhs.net""> Contact the press office<span class=""button-link__target-info""></span> </a> </div> </div> </di",https://www.leicestershospitals.nhs.uk/contact-us/,2026-08-03T22:48:07.583998
25,Advocate Health,USA,joe.palmer@advocatehealth.com,"Patient feedback</h2> <p>For patient comments, compliments or complaints, contact Joe Palmer, Coordinator of Patient Advocacy &amp; Physician Relations.</p> <ul> <li>Call at <a href=""tel:17082133580"">708-213-3580</a></li",https://www.advocatehealth.com/ssub/patients-visitors/contact-us,2026-08-03T22:23:30.732322
25,Kaiser Permanente,USA,national-media-relations@kp.org,"<div class=""aem-Grid aem-Grid--12 aem-Grid--default--12 ""> <div class=""c07-text text aem-GridColumn aem-GridColumn--default--12""> <div id=""c07-text-91d279de00"" class=""cmp-text""> <h3>National media contacts</h3> <p><a hre",https://about.kaiserpermanente.org/news/for-the-media,2026-08-03T22:24:26.228595
25,Sanford Health,USA,angela.dejene@sanfordhealth.org,"t ui-widget-content"" id=""ui-id-2"" aria-labelledby=""ui-id-1"" role=""tabpanel"" aria-hidden=""true"" style=""display: none;""> <div> <p>Angela Dejene<br> <a href=""tel:1-218-280-0148"">(218) 280-0148</a> <br> <a href=""mailto:mailt",https://www.sanfordhealth.org/contact-us/contact-media-relations,2026-08-03T22:41:43.548909
25,Sanford Health,USA,jillian.johnson@sanfordhealth.org,"ntent ui-accordion-content ui-corner-bottom ui-helper-reset ui-widget-content"" id=""ui-id-4"" aria-labelledby=""ui-id-3"" role=""tabpanel"" aria-hidden=""true"" style=""display: none;""> <div> <p>Jillian Johnson<br> <a href=""mailt",https://www.sanfordhealth.org/contact-us/contact-media-relations,2026-08-03T22:41:43.548909
25,Sanford Health,USA,chelsey.kralicek@sanfordhealth.org,"er-reset ui-widget-content"" id=""ui-id-6"" aria-labelledby=""ui-id-5"" role=""tabpanel"" aria-hidden=""true"" style=""display: none;""> <div> <p>Chelsey Kralicek<br> <a href=""tel:701-516-4903"">(701) 516-4903</a><br> <a href=""mailt",https://www.sanfordhealth.org/contact-us/contact-media-relations,2026-08-03T22:41:43.548909
25,Sanford Health,USA,nathan.aamodt@sanfordhealth.org,"ui-accordion-content ui-corner-bottom ui-helper-reset ui-widget-content"" id=""ui-id-8"" aria-labelledby=""ui-id-7"" role=""tabpanel"" aria-hidden=""true"" style=""display: none;""> <div> <p>Nathan Aamodt<br> <strong><a href=""mailt",https://www.sanfordhealth.org/contact-us/contact-media-relations,2026-08-03T22:41:43.549909
25,Sanford Health,USA,jon.berg@sanfordhealth.org,"ion-content ui-accordion-content ui-corner-bottom ui-helper-reset ui-widget-content"" id=""ui-id-10"" aria-labelledby=""ui-id-9"" role=""tabpanel"" aria-hidden=""true"" style=""display: none;""> <div> <p>Jon Berg<br> <a href=""mailt",https://www.sanfordhealth.org/contact-us/contact-media-relations,2026-08-03T22:41:43.549909
25,Stanford Health Care,USA,web@stanfordhealthcare.org,"ng the Site, you consent to our collection, use and disclosure of your information in accordance with this Privacy Policy and Terms of Use. If you have questions about our Privacy Policy or our Terms of Use, please conta",https://stanfordhealthcare.org/about-us/website-privacy-policy.html,2026-08-03T22:13:27.192748
25,Tampa General Hospital,USA,vitalstats@flhealth.gov,"=""http://www.floridahealth.gov/certificates/certificates/"" target=""_blank"">Vital Statistics</a> department to obtain birth and death certificates. You may also call them at <a href=""tel:9043596900"">(904) 359-6900</a> or ",https://www.tgh.org/about-tgh/contact-us,2026-08-03T22:41:08.656739
20,Royal Adelaide Hospital,Australia,health.calhnclinicalworkerhealthservice@sa.gov.au,"class=""text-primary-700 ""></span> </span> </a> </li> <li class=""w-full -mt-px transition-colors border-t border-transparent hover:border-secondary-400 calhn-theme:hover:border-tint-40 first:mt-0""> <a href=""mailto:Health.",https://www.calhn.sa.gov.au/information-for-staff,2026-08-03T22:50:43.747745
20,Sir Charles Gairdner Perth,Australia,nmhs.integritydirectorate@health.wa.gov.au,dent to do so in the manner you’re most comfortable with.</p> <p>Contact our Manager Integrity Investigations for a confidential discussion and for further advice on your rights and protections. </p> <p>Tel: (08) 6457 27,https://www.nmahs.health.wa.gov.au/About-Us/Contact-us/Misconduct,2026-08-03T22:50:45.463755
20,Alberta Health Services,Canada,ahs.corp@ahs.ca,"about health care services</p> </div> </div> </div> </div> <div class=""col-md-4"" style=""vertical-align: top; min-height: 430px;""> <div class=""well hght-inhrt""> <h3 style=""margin-top: 0px;"">CEO Office</h3> <p><strong>Emai",https://www.albertahealthservices.ca/about/Page12639.aspx,2026-08-03T22:43:39.008989
20,Hamilton Health Sciences,Canada,hhsnews@hhsc.ca,"of our gift shops and cafeterias.</p> <p>For inquiries about monetary donations, please contact<a href=""mailto:donations@hamiltonhealth.ca""> donations@hamiltonhealth.ca</a>. For inquiries about non-monetary donations, pl",https://www.hamiltonhealthsciences.ca/about-us/ways-to-give/,2026-08-03T22:43:57.441173
20,SickKids Toronto,Canada,privacy.office@sickkids.ca,"n></p> <h4 class=""h3 h4"">Privacy Contact Information</h4> <p><span data-contrast=""none"">If at any time you wish to be excluded from future contacts, or to discuss your privacy options, email: </span><a title=""Privacy Off",https://www.sickkids.ca/en/about/terms-of-use/,2026-08-03T22:44:47.041413
20,SickKids Toronto,Canada,ap.inquiries@sickkids.ca,"00px"" src=""/siteassets/images/icons/common/funding-icon-small.svg?width=400&amp;height=200&amp;mode=min&amp;metadata=false&amp;dt=637399260410000000"" width=""400"" alt=""""> </div> <div class=""card-body""> <p class=""card-titl",https://www.sickkids.ca/en/about/contact/,2026-08-03T22:44:47.710811
20,Unity Health Toronto,Canada,communications@unityhealth.to,"h.to/about-unity-health/media-room/for-media/"">For Media page</a>.</li> </ul> </li> </ul> <p><!-- <li>For questions related to media inquiries, contact Communications and Public Affairs: <ul> <li>416-864-5034</li> <li><a",https://unityhealth.to/contact-us/,2026-08-03T22:44:08.443413
20,Cambridge University Hospitals,UK,cuh.creditors@nhs.net,"s and finance</span> </span> </summary> <div class=""nhsuk-details__text rich-text""> <h3 data-block-key=""m3cq3"">Invoices</h3><p data-block-key=""bieue"">For invoices please <a href=""mailto:cuh.creditors@nhs.net"">email the c",https://www.cuh.nhs.uk/contact-us/contact-enquiries/,2026-08-03T22:46:26.214445
20,Cambridge University Hospitals,UK,cuh.mychart@nhs.net,"<span>MyChart</span> </span> </summary> <div class=""nhsuk-details__text rich-text""> <p data-block-key=""fvtfg"">If you have a question about your MyChart account, <a href=""mailto:cuh.mychart@nhs.net"">email MyChart</a>.</p>",https://www.cuh.nhs.uk/contact-us/contact-enquiries/,2026-08-03T22:46:26.251265
20,East Suffolk & North Essex NHS,UK,saresneft@esneft.nhs.uk,"r-portal/"">SAR-account-creation-instructions – ESNEFT Document library (esneftdoclibrary.org.uk)</a></p><p>If you experience any problems when registering or using the SAR Portal, please contact the Access to Records tea",https://www.esneft.nhs.uk/about-us/privacy/access-to-your-medical-records/,2026-08-03T22:48:38.942345
20,Liverpool University Hospitals,UK,matthew.back@lhch.nhs.uk,"where this does not interfere with the quality of care delivered to our patients.</p> <p>If you have a request or enquiry please contact a member of the team.</p> <ul> <li>Matthew Back, Head of Communications, on 0151 60",https://www.uhliverpool.nhs.uk/contact-us/press-information,2026-08-03T22:47:16.717821
20,Liverpool University Hospitals,UK,gillian.donnelly@lhch.nhs.uk,"k, Head of Communications, on 0151 600 1423 or <a href=""mailto:Matthew.Back@lhch.nhs.uk"">Matthew.<wbr>Back<wbr>@lhch.nhs.uk</a></li> <li>Gillian Donnelly, Communications and Membership Officer,<strong> </strong>0151 600 ",https://www.uhliverpool.nhs.uk/contact-us/press-information,2026-08-03T22:47:16.717821
20,Manchester NHS Foundation Trust,UK,digitalcommunications@mft.nhs.uk,"<h2 class=""h3 u-top-border u-mt-0 u-mb-1"" id=""website-queries"">Website queries</h2> <div class=""u-mb-2""> <p>If you have any feedback related to the information displayed on the website, please email <a href=""mailto:digit",https://mft.nhs.uk/contact-us,2026-08-03T22:45:53.487565
20,NHS Greater Glasgow and Clyde,UK,ggc.complaints@nhs.scot,"v></summary><div class=""wp-block-themeisle-blocks-accordion-item__content""> <p class=""wp-block-paragraph"">For complaints about all acute hospital services across Glasgow and Clyde, you can:</p> <p class=""wp-block-paragra",https://www.nhsggc.scot/contact-us/complaints/,2026-08-03T22:48:36.673797
20,NHS Greater Glasgow and Clyde,UK,ggc.data.protection@nhs.scot,"ccordion-item__content""> <p class=""wp-block-paragraph"">If you have a complaint about how NHSGGC has processed your personal data you can contact our Information Governance Team by email at:</p> <p class=""wp-block-paragra",https://www.nhsggc.scot/contact-us/complaints/,2026-08-03T22:48:36.675796
20,Southampton University NHS,UK,patientsupportservices@uhs.nhs.uk,"a Road\u003Cbr \u002F\u003ESouthampton SO16 6YD\u003C\u002Fp\u003E\n\u003Cp\u003ETelephone 023 8120 6325 or email \u003Ca href=\""mailto:pals@uhs.nhs.uk\""\u003Epals@uhs.nhs.uk\u003C\u002Fa\u003E\u003Ca title=\""Patient sup",https://www.uhs.nhs.uk/contact/tell-us-about-your-experience/getting-help,2026-08-03T22:47:39.057113
20,Advocate Health,USA,security@aah.org,"tion and data related to your health. Explore ways to protect yourself online and maintain good <a href=""/help-center/cyber-health"">cyber health</a>. If you have any concerns about information security,&nbsp;<a rel=""noop",https://www.advocatehealth.com/contact-us,2026-08-03T22:23:23.674218
20,Emory Healthcare,USA,webadmin@emoryhealthcare.org,"ing Your Health&nbsp;</a></li> <li><a href=""/careers/"" title=""View Emory Healthcare careers "">Careers&nbsp;</a></li> </ul> <h3>One more thing</h3> <p>If you want to help us fix this issue, we are here to help. Please ema",https://www.emoryhealthcare.org/contact-emory,2026-08-03T22:14:15.676542
20,Hackensack Meridian Health,USA,thomas.flynn@hmhn.org,"n <em>Health</em><br> 343 Thornall Street, 8th Floor<br> Edison, NJ 08837<br> <strong>Phone</strong>: <a href=""tel:15519964205"" title=""551-996-4205"">551-996-4205</a><br> <strong>Fax</strong>: 848-888-4731<br> <strong>Ema",https://www.hackensackmeridianhealth.org/en/about-us/nondiscrimination-policy,2026-08-03T22:25:35.819286
20,Henry Ford Health,USA,vap@hfhs.org,"please complete our <a href=""https://henryford.starssmp.com/"">Vendor Profile</a> .</p> <p>Once the registration process has been completed, the company sales, medical device or account representative, must reach out to J",https://www.henryford.com/about/supply-chain/vendor,2026-08-03T22:26:32.649263
20,St. Jude Children's,USA,preguntas@stjude.org,"</option> <option value=""Información general;;donors@stjude.org"">Información general</option><option value=""Derivación de pacientes;;referringphysiciansoffice@stjude.org"">Derivación de pacientes</option><option value=""Do",https://www.stjude.org/es/contact-us.html,2026-08-03T22:41:33.210009
20,Tampa General Hospital,USA,patientfinancialassistance@tgh.org,"sts for services at Tampa General Hospital, or information about discounted care, please contact our Patient Financial Assistance department at <a href=""tel:8138448084"">(813) 844-8084</a>, Monday–Friday, 8:00 a.m.-4:30 p",https://www.tgh.org/about-tgh/contact-us,2026-08-03T22:41:08.657750
20,Tampa General Hospital,USA,mybill@tgh.org,"region"" aria-labelledby=""zd8rib-accordion-label"" aria-hidden=""true"" id=""zd8rib-accordion""> <div class=""rtf""> <p>For questions about your hospital bill, please e-mail <a href=""mailto:mybill@tgh.org"">mybill@tgh.org</a> or ",https://www.tgh.org/about-tgh/contact-us,2026-08-03T22:41:08.657750
15,Royal Adelaide Hospital,Australia,health.calhn.wellbeing@sa.gov.au,"ices/workforce+-+calhn/organisational+psychology/employee+assistance+program+-+calhn"">See FAQs available on the intranet</a>, or contact CALHN’s EAP Coordinator: &nbsp;</p><p><strong>CALHN Staff Wellbeing team&nbsp;</str",https://www.calhn.sa.gov.au/information-for-staff,2026-08-03T22:50:43.743743
15,Royal Melbourne Hospital,Australia,infosharing@mh.org.au,"b-8 md:p-8 relative""> <h2>Family Violence and Child Information Sharing Schemes</h2> <div class=""w-24 mb-4 h-[4px] bg-brand-teal""></div> <p>Email <a href=""mailto:infosharing@mh.org.au"">infosharing@mh.org.au</a> for reque",https://www.thermh.org.au/contact,2026-08-03T22:49:32.735981
15,Alberta Health Services,Canada,ahs.info@ahs.ca,"<br> Suite 500, North Tower<br> Seventh Street Plaza<br> 10030 – 107 Street NW<br> Edmonton, AB, T5J 3E4.</p> <hr class=""hr-black-solid""> <p>For general questions about AHS, contact General Inquiries at 1-780-613-8811 or",https://www.albertahealthservices.ca/about/Page121.aspx,2026-08-03T22:43:38.564847
15,CAMH Toronto,Canada,info@camh.ca,"ne;"">CAMH Information Officer</h4> <p style=""color: #384047; background: none; margin: 0px 0px 25px; border: none;"">416 535-8501, press 1, or 1 800 463-6273 toll-free for general information, Mon-Fri, 8:30 a.m. - 5:00 p.",https://www.camh.ca/en/driving-change/about-camh/contact-camh,2026-08-03T22:44:58.644809
15,CAMH Toronto,Canada,media@camh.ca,"ment, research, education and public policy issues concerning mental health. CAMH Media Relations coordinates all inquiries from journalists and will respond in a timely manner. We can be reached by <strong data-redactor",https://www.camh.ca/en/driving-change/about-camh/for-reporters,2026-08-03T22:45:00.597794
15,Fraser Health BC,Canada,feedback@fraserhealth.ca,"rhealth.ca/about-us/volunteer-opportunities"">Volunteer opportunities</a></td> <td>&nbsp;</td> </tr> </tbody> </table> <h2>Still looking?</h2> <p> If you can't find the page you're looking for we can help.&nbsp;<a href=""m",https://www.fraserhealth.ca/contact-us,2026-08-03T22:45:08.385334
15,Fraser Health BC,Canada,fmp@fraserhealth.ca,"ext""><p>You can request further information and pre-qualification applications from Lower Mainland Facilities Management.&nbsp;</p></div></div><div class=""promo-link field-promo-link field-promolink""><a data-variantfield",https://www.fraserhealth.ca/about-us/business-opportunities,2026-08-03T22:45:15.472217
15,Fraser Health BC,Canada,youvegotmail.arh@fraserhealth.ca,>Gift shop on site (604-851-4700 ext 646861)</li> <li> If you would like to send well wishes to a friend or family member who is currently a patient at Abbotsford Regional Hospital you can do so via our You’ve Got Mail e,https://www.fraserhealth.ca/Service-Directory/Locations/Abbotsford/abbotsford-regional-hospital-and-cancer-centre,2026-08-03T22:45:15.639944
15,Fraser Health BC,Canada,fhalaboratoryinquiries@fraserhealth.ca,"with advance notice. Printed blood and urine collection instructions are available in a variety of languages. <a name=""Locations"" id=""Locations"">For</a> inquiries, please call <a href=""tel:1-888-442-5227"">1-888-442-5227<",https://www.fraserhealth.ca/Service-Directory/Services/Diagnostic-and-Medical-Imaging-Services/laboratory-service,2026-08-03T22:45:15.710019
15,SickKids Toronto,Canada,communications.publicaffairs@sickkids.ca,"equired to fulfill the purpose for which we collected it or as permitted and/or required by law. The hospital takes reasonable steps to protect your information from theft, loss and unauthorized use and/or disclosure. Yo",https://www.sickkids.ca/en/about/contact/web-feedback/,2026-08-03T22:44:47.326196
15,Winnipeg Health Sciences,Canada,communications@wrha.mb.ca,"a href=""/terms-of-use/"">Terms Of Use</a> <i class=""fa-regular fa-map"" style=""margin-right: 2px; margin-left: 7px""></i> <a href=""/sitemap/"">Sitemap</a> <i class=""fa-regular fa-envelope"" style=""margin-right: 2px; margin-le",https://www.wrha.mb.ca/contact,2026-08-03T22:43:54.602664
15,St. Vincent's Dublin,Ireland,releaseofinformation@svuh.ie,"a written request to:</p> <p>Release of Information<br> Medical Records<br> St. Vincent’s University Hospital<br> Elm Park<br> Dublin 4</p> <p><em class=""tab tab-slim"">tel:</em> (01) 221 4461<br> <em class=""tab tab-slim""",https://www.stvincents.ie/contact-us/,2026-08-03T22:51:12.082538
15,St. Vincent's Dublin,Ireland,info@mkc.ie,"@svuh.ie"">foi@svuh.ie</a></p> <h2><strong>Media enquiries</strong></h2> <p>For all media enquiries please contact MKC Communications on:</p> <p><em class=""tab tab-slim"">tel:</em> (01) 703 8600<br> <em class=""tab tab-slim",https://www.stvincents.ie/contact-us/,2026-08-03T22:51:12.084552
15,Belfast Health & Social Care,UK,digitalcomms@belfasttrust.hscni.net,or enquiries regarding this should be directed to:</p> <p>Belfast Health and Social Care Trust<br> Digital Communications<br> Nore Villa<br> Knockbracken Healthcare Park<br> Belfast<br> BT8 8BH</p> <p>Tel: 028 9056 5641<,https://belfasttrust.hscni.net/about/access-to-information/copyright/,2026-08-03T22:49:08.699600
15,Bristol University NHS Trust,UK,tsbadmin@uhbw.nhs.uk,"</p> <h2>Employment references</h2> <p>For employment references for substantive staff please email:&nbsp;<a href=""mailto:HRservices@uhbw.nhs.uk"">HRservices@uhbw.nhs.uk</a>&nbsp;and for staff employed on the Bank please ",https://www.uhbristol.nhs.uk/contact-us,2026-08-03T22:46:36.163359
15,Bristol University NHS Trust,UK,medicalstudentselectives@uhbw.nhs.uk,"contracts please email:&nbsp;<a href=""mailto:honoraryrequests@uhbw.nhs.uk"">honoraryrequests@uhbw.nhs.uk</a>.</p> <h2>Medical electives</h2> <p>For information and requests relating to medical elective placements please e",https://www.uhbristol.nhs.uk/contact-us,2026-08-03T22:46:36.164360
15,Bristol University NHS Trust,UK,informationgovernance@uhbw.nhs.uk,"est please visit our&nbsp; <a href=""https://www.uhbw.nhs.uk/p/how-we-use-your-data/freedom-of-information-foi-requests""> FOI section</a>.</p> <h2>Information Governance</h2> <p>For information governance requests please ",https://www.uhbristol.nhs.uk/contact-us,2026-08-03T22:46:36.166364
15,Bristol University NHS Trust,UK,freedomofinfo@uhbw.nhs.uk,"ormation (FOI)&nbsp;requests</h2> <p>Any requests made under the Freedom of Information Act should be sent to the FOI Administrator.</p> <p>Address: Assembly Rooms, Trust HQ, Marlborough Street, Bristol, BS1 3NU</p> <p>E",https://www.uhbristol.nhs.uk/about-us/media-centre/,2026-08-03T22:46:44.987810
15,Cambridge University Hospitals,UK,cuh.infogov@nhs.net,"<ul><li data-block-key=""xo2di"">To ask about personal information held by CUH, contact information governance on:<ul><li data-block-key=""cnfqm""><a href=""tel:01223 256141"">01223 256141</a></li><li data-block-key=""2spue""><a",https://www.cuh.nhs.uk/contact-us/contact-enquiries/,2026-08-03T22:46:26.228484
15,Cambridge University Hospitals,UK,add-tr.cuhaccesstohealthrecords@nhs.net,"s - access</span> </span> </summary> <div class=""nhsuk-details__text rich-text""> <p data-block-key=""chaav"">If you need a copy of your medical records or have a question, <a href=""mailto:add-tr.cuhaccesstohealthrecords@nh",https://www.cuh.nhs.uk/contact-us/contact-enquiries/,2026-08-03T22:46:26.239096
15,Cambridge University Hospitals,UK,england.contactus@nhs.net,"/li></ul><h3 data-block-key=""rwrdg"">A primary care service such as a GP, dentist, optician, pharmacy</h3><ul><li data-block-key=""rut24"">NHS England telephone: <a href=""tel:030031 12233"">030031 12233</a></li><li data-bloc",https://www.cuh.nhs.uk/contact-us/contact-enquiries/,2026-08-03T22:46:26.257872
15,Cambridge University Hospitals,UK,cpicb.contact@nhs.net,""">Health commissioning in Cambridgeshire and Peterborough</h3><ul><li data-block-key=""19pr4"">Cambridgeshire and Peterborough Integrated Care System telephone: <a href=""tel:0800 2792535"">0800 2792535</a></li><li data-bloc",https://www.cuh.nhs.uk/contact-us/contact-enquiries/,2026-08-03T22:46:26.277877
15,Cambridge University Hospitals,UK,enquiries@healthwatchcambspboro.co.uk,"h3 data-block-key=""d6s30"">Health and care services in Cambridgeshire and Peterborough</h3><ul><li data-block-key=""b9vfr"">Healthwatch Cambridgeshire telephone: <a href=""tel:0330 3551285"">0330 3551285</a></li><li data-bloc",https://www.cuh.nhs.uk/contact-us/contact-enquiries/,2026-08-03T22:46:26.290973
15,Cambridge University Hospitals,UK,cuh.press@nhs.net,"""o6twp"">We welcome interest from journalists in our hospitals, our research and our services. All media enquiries and requests for interviews, filming and photography should be directed to the press team.</p><p data-bloc",https://www.cuh.nhs.uk/contact-us/media-enquiries/,2026-08-03T22:46:28.609457
15,Chelsea and Westminster NHS,UK,chelwest.anc.admin@nhs.net,"our-visit/make-change-or-cancel-an-appointment"">Visit our outpatient appointments page</a>, or</li> <li>Call 020 3315 6666 (Mon–Fri, 8:30am–5:30pm)</li> </ul> <h3>Maternity</h3> <ul class=""narrow""> <li><strong>Chelsea: <",https://www.chelwest.nhs.uk/contact-us,2026-08-03T22:47:47.216045
15,Chelsea and Westminster NHS,UK,caw-tr.westmidadmin17@nhs.net,"I, scans)</h3> <ul class=""narrow""> <li><strong>Chelsea: </strong>Email <a href=""mailto:caw-tr.radiology@nhs.net"">caw-tr.radiology@nhs.net</a>&nbsp;or call 020 3315 2783</li> <li><strong>West Middlesex Clinical Imaging:</",https://www.chelwest.nhs.uk/contact-us,2026-08-03T22:47:47.224566
15,Chelsea and Westminster NHS,UK,caw-tr.westmidadmin9@nhs.net,"w""> <li><strong>Chelsea: </strong>Email <a href=""mailto:caw-tr.surgicaladmissionsofficecwh@nhs.net"">caw-tr.surgicaladmissionsofficecwh@nhs.net</a> or call 020 3315 2800 or 020 3315 3299</li> <li><strong>West Middlesex:</",https://www.chelwest.nhs.uk/contact-us,2026-08-03T22:47:47.236625
15,East Suffolk & North Essex NHS,UK,communications@esneft.nhs.uk,"s to carry out interviews, filming or photography on our sites and with our colleagues must be discussed with our Communications team.</p><h3>Contact us</h3><p>Between 8am and 5pm Monday to Friday, please contact us init",https://www.esneft.nhs.uk/contact-us/communications-team/,2026-08-03T22:48:39.107122
15,Imperial College Healthcare NHS,UK,imperial.communications@nhs.net,"ul> <h2>Monitoring</h2> <p>Our social media channels are managed by our communications team and monitored Monday to Friday 09.00-17.00, excluding public holidays. You can contact us either directly via our social media o",https://www.imperial.nhs.uk/contact-and-find-us/press-office/how-we-use-social-media,2026-08-03T22:45:47.444994
15,Liverpool University Hospitals,UK,communications@uhliverpool.nhs.uk,"his must be arranged through the Communications team. We provide a responsive service and will endeavour to support your requirements and deadlines as best we can.<br> To contact the Communications team, please:</p> <ul>",https://www.uhliverpool.nhs.uk/contact-us/press-information,2026-08-03T22:47:16.715813
15,Liverpool University Hospitals,UK,communications@lwh.nhs.uk,"<div class=""acc-content clearfix""> <h5><strong>Communications Team</strong></h5> <p>Phone: <a href=""tel:0151%20702%204018"">0151 702 4018</a> / <a href=""tel:07813593594"">07813593594</a></p> <p>Email:&nbsp;<a href=""mailto:",https://www.uhliverpool.nhs.uk/contact-us/press-information,2026-08-03T22:47:16.715813
15,Manchester NHS Foundation Trust,UK,pressoffice@mft.nhs.uk,"-enquiries"">Media enquiries at MFT</h2> <div class=""u-mb-2""> <p>During office hours (Monday to Friday 9.00am – 5.00pm) all enquiries from journalists should be directed to the Communications Team via email <a href=""mailt",https://mft.nhs.uk/contact-us,2026-08-03T22:45:53.485650
15,NHS Greater Glasgow and Clyde,UK,press.office@ggc.scot.nhs.uk,"ontainer-core-buttons-is-layout-7d812b4c wp-block-buttons-is-layout-flex""> <div class=""wp-block-button has-custom-width wp-block-button__width-100 is-style-secondary""><a class=""wp-block-button__link wp-element-button"">Du",https://www.nhsggc.scot/about-us/nhsggc-news/,2026-08-03T22:48:37.717358
15,St George's University NHS,UK,bame.networkadmin@stgeorges.nhs.uk,"George’s. If you are a current member of staff and would like to join a network please email the network you are interested in and they’ll get you registered.</p> <ul> <li style=""text-align: left;"">Black, Asian and Minor",https://www.stgeorges.nhs.uk/contact-us/,2026-08-03T22:47:45.484599
15,Advocate Health,USA,gsam-him-roi@advocatehealth.com,"rtificate"" title=""Opens in a New Tab or Window"" target=""_blank"">Website</a></li> </ul> </li> </ul> <p>Call:&nbsp;<a href=""tel:16302751429"">630-275-1429</a>&nbsp;| Fax: 630-275-5890</p> <p>Email:&nbsp;<a rel=""noopener nor",https://www.advocatehealth.com/gsam/patients-visitors/contact-us,2026-08-03T22:23:30.292556
15,Banner Health,USA,adacoordinator@bannerhealth.com,", or sex, you can file a grievance with Banner Health Discrimination Coordinator, ATTN Risk Management, 2901 N Central Avenue, Suite 160, Phoenix, AZ 85012, or call 1-<a class=""text-decoration-none"" href=""tel:602-747-688",https://www.bannerhealth.com/about/legal-notices/nondiscrimination,2026-08-03T22:23:50.786767
15,Banner Health,USA,privacy@bannerhealth.com,"NDMENTS TO AND THE MOST RECENT VERSION OF THIS PRIVACY STATEMENT.</p> <h2>9.<span> </span>Questions and Comments.</h2> <p>If you have any questions or comments concerning this Privacy Statement, please contact us through",https://www.bannerhealth.com/about/legal-notices/privacy,2026-08-03T22:23:51.126005
15,Baylor Scott & White Health,USA,patientrelations@bswhealth.org,"Patient relations contact form\u003c/h2\u003e""}}},{""uid"":""5df8e67d-e44f-45cf-987a-be1b5fc2adf3"",""componentName"":""BSWForm"",""dataSource"":"""",""params"":{""FormId"":""Form-99-ALL-Patient Relations"",""GridParameters"":""basis-full"",""",https://www.bswhealth.com/contact-us/patient-relations,2026-08-03T22:17:38.035346
15,CommonSpirit Health,USA,mediainquiries@commonspirit.org,"xt-47b2178403&quot;:{&quot;@type&quot;:&quot;csh-aem-core/components/content/text&quot;,&quot;repo:modifyDate&quot;:&quot;2026-07-02T18:16:44Z&quot;,&quot;xdm:text&quot;:&quot;&lt;h2&gt;Media inquiries&lt;/h2&gt;\r\n&lt;",https://www.commonspirit.org/contact-us,2026-08-03T22:19:17.152872
15,Emory Healthcare,USA,patient.relations@emoryhealthcare.org,"onent-content""> <div class=""content-spot-title""> </div> <div class=""body-header-spot rich-text field-body""><p>Email our <strong>Emory Healthcare Patient Relations team</strong> at: <a href=""mailto:patient.relations@emory",https://www.emoryhealthcare.org/contact,2026-08-03T22:14:25.233555
15,Emory Healthcare,USA,emory.international@emoryhealthcare.org,"0.72px;"">To contact Emory International Program, please call </span><a href=""tel:+14047782291"" style=""font-family: inherit; font-size: 1.6rem;"">404-778-2291</a><span style=""font-size: 1.6rem; letter-spacing: 0.72px;""> or",https://www.emoryhealthcare.org/contact,2026-08-03T22:14:25.237553
15,Hackensack Meridian Health,USA,hmhcontact@hmhn.org,"rong\u003e [Street Address]\\n\u003cbr /\u003e\\n\u003cstrong\u003eCity/State/Zip:\u003c/strong\u003e [City], [State] [Zipcode] [Country]\\n\u003cbr /\u003e\\n\u003cstrong\u003eComments:\u003c/strong\u003e [Comments]\\n\",https://www.hackensackmeridianhealth.org/en/contact-us,2026-08-03T22:25:14.486852
15,Hackensack Meridian Health,USA,contactus@hmhn.org,"-47B8-AE0B-B6EBA0D6EB1B}"",""parameters"":"""",""description"":""""},{""itemId"":""{637B8A5F-CB89-4B70-A821-E7F28111A8A0}"",""name"":""Internal Email"",""submitActionId"":""{9E9A8D0A-F681-4784-A289-D7E3E40A8E64}"",""parameters"":""{\""from\"":\""h",https://www.hackensackmeridianhealth.org/en/contact-us,2026-08-03T22:25:14.498860
15,Indiana University Health,USA,insiders@iuhealth.org,", we send you a short survey to complete. Your responses allow us to develop plans to make your experiences at IU Health better.</p> <p>If you would like to join one of our Patient &amp; Family Advisory Councils, please ",https://iuhealth.org/about-our-system/volunteering,2026-08-03T22:14:54.853748
15,Kaiser Permanente,USA,ncal-media-relations@kp.org,"=""cmp-text""> <p><b>Northern California</b></p> </div> </div> <div class=""c07-text text aem-GridColumn aem-GridColumn--default--12""> <div id=""c07-text-89436ab52e"" class=""cmp-text""> <p>Media hotline<br> 510-987-3900<br> <a",https://about.kaiserpermanente.org/news/for-the-media,2026-08-03T22:24:26.234453
15,NYU Langone Health,USA,vilcek-info@nyulangone.org,"med.nyu.edu/research/vilcek-institute-graduate-biomedical-sciences"" target=""_blank"">Vilcek Institute of Graduate Biomedical Sciences (MD/PhD program)</a><br><a class=""nyulmc_telephone_link"" href=""tel:212-263-5648"">212-26",https://nyulangone.org/contact-us,2026-08-03T22:17:35.150061
15,Sanford Health,USA,megan.jensen2@sanfordhealth.org,"ntent"" id=""ui-id-10"" aria-labelledby=""ui-id-9"" role=""tabpanel"" aria-hidden=""true"" style=""display: none;""> <div> <p>Jon Berg<br> <a href=""mailto:Jon.Berg@sanfordhealth.org"">Email</a></p> <p>Megan Jensen<br> <a href=""mailt",https://www.sanfordhealth.org/contact-us/contact-media-relations,2026-08-03T22:41:43.549909
15,Sanford Health,USA,david.brown@sanfordhealth.org,"style=""display: none;""> <div> <p>Jon Berg<br> <a href=""mailto:Jon.Berg@sanfordhealth.org"">Email</a></p> <p>Megan Jensen<br> <a href=""mailto:Megan.Jensen2@sanfordhealth.org"">Email</a></p> <p>David Brown<br> <a href=""mailt",https://www.sanfordhealth.org/contact-us/contact-media-relations,2026-08-03T22:41:43.550895
15,Sanford Health,USA,paul.heinert@sanfordhealth.org,"=""mailto:Jon.Berg@sanfordhealth.org"">Email</a></p> <p>Megan Jensen<br> <a href=""mailto:Megan.Jensen2@sanfordhealth.org"">Email</a></p> <p>David Brown<br> <a href=""mailto:david.brown@sanfordhealth.org"">Email</a></p> <p>Pau",https://www.sanfordhealth.org/contact-us/contact-media-relations,2026-08-03T22:41:43.550895
15,Stanford Health Care,USA,guestservices@stanfordhealthcare.org,"ead-contact-phone-text"" data-aa-masthead-links=""650-498-3333"">650-498-3333</div> </div> <div class=""masthead-contact-email""> <div class=""masthead-contact-email-icon""></div> <a class=""masthead-contact-email-text"" href=""ma",https://stanfordhealthcare.org/contact-us,2026-08-03T22:11:51.998522
15,Stanford Health Care,USA,hospitalconstruction@stanfordhealthcare.org,"tion, see <a adhocenable=""false"" href=""https://stanfordhealthcare.org/about-us/300-pasteur-renewal-program/about-the-project.html"" target=""_blank"">Project Details</a>.</p> <p>Have additional questions?<br> Contact <a adh",https://stanfordhealthcare.org/about-us/300-pasteur-renewal-program.html,2026-08-03T22:12:43.361501
15,UC Davis Health,USA,publicaffairs@health.ucdavis.edu,"artment of Public Affairs &amp; Marketing or call one of the public information officers listed below.</p> <div class=""box-wide dark""> <h2 class=""mb-2"">Monday – Friday, 8 a.m. – 5 p.m.</h2> <p><a class=""btn btn-primary b",https://health.ucdavis.edu/news/for-journalists/contact,2026-08-03T22:42:26.804945
15,UC Davis Health,USA,rrbadeaux@health.ucdavis.edu,"ca Badeaux</strong> | Senior Public Information Officer</p> <p class=""mb-1""><em>Beat areas: Betty Irene Moore School of Nursing, Firefighter’s Burn Institute Regional Burn Center at UC Davis, Geriatrics, Surgery (interim",https://health.ucdavis.edu/news/for-journalists/contact,2026-08-03T22:42:26.805944
15,UC Davis Health,USA,lhconnolly@health.ucdavis.edu,">Liam Connolly</strong> | Senior Public Information Officer</p> <p class=""mb-1""><em>Beat areas: UC Davis Medical Center, Emergency Medicine, Internal Medicine, School of Medicine-Academic Affairs, Otolaryngology (Interim",https://health.ucdavis.edu/news/for-journalists/contact,2026-08-03T22:42:26.805944
15,UC Davis Health,USA,edmgarcia@health.ucdavis.edu,"Garcia</strong> | Senior Public Information Officer</p> <p class=""mb-1""><em>Beat areas: UC Davis School of Medicine, Center for Reducing Health Disparities, Spanish-language media, Family and Community Medicine (interim)",https://health.ucdavis.edu/news/for-journalists/contact,2026-08-03T22:42:26.805944
15,UC Davis Health,USA,lehoward@health.ucdavis.edu,"n Anatomy, Medical Microbiology and Immunology, Pharmacology, Physiology and Membrane Biology, Public Health Sciences), Eye Center, Pathology/Lab Sciences, Psychiatry, Violence Prevention Research Program (VPRP) (Interim",https://health.ucdavis.edu/news/for-journalists/contact,2026-08-03T22:42:26.805944
15,UC Davis Health,USA,marsharp@health.ucdavis.edu,"tel:916-752-6394"">916-752-6394</a></p> <hr> <p class=""mt-5 mb-1""><strong>Marianne Russ Sharp</strong> | Senior Public Information Officer</p> <p class=""mb-1""><em>Beat areas: UC Davis MIND Institute, Orthopaedics (interim",https://health.ucdavis.edu/news/for-journalists/contact,2026-08-03T22:42:26.806945
15,UC Davis Health,USA,ttomiyoshi@health.ucdavis.edu,"4-9118</a></p> <hr> <p class=""mt-5 mb-1""><strong>Tricia Tomiyoshi</strong> | Senior Public Information Officer</p> <p class=""mb-1""><em>Beat areas: UC Davis Children's Hospital, Obstetrics and Gynecology, Surgery (interim",https://health.ucdavis.edu/news/for-journalists/contact,2026-08-03T22:42:26.806945
15,UC Davis Health,USA,stawinn@health.ucdavis.edu,"""tel:916-734-9706"">916-734-9706</a></p> <hr> <p class=""mt-5 mb-1""><strong>Stephanie Winn</strong> | Senior Public Information Officer</p> <p class=""mb-1""><em>Beat areas: Comprehensive Cancer Center, Orthopaedics (interim",https://health.ucdavis.edu/news/for-journalists/contact,2026-08-03T22:42:26.806945
15,UC Davis Health,USA,nyehya@health.ucdavis.edu,"Communicator</p> <p class=""mb-1""><em>Beat areas: Stem Cell Program, Center for Healthcare Policy and Research, School of Medicine Office of Research, Physical Medicine and Rehabilitation,&nbsp;Neuro/Neurosurgery (Interim",https://health.ucdavis.edu/news/for-journalists/contact,2026-08-03T22:42:26.806945
15,UC Davis Health,USA,publicaffairs@health.ucdavis.ed,"artment of Public Affairs &amp; Marketing or call one of the public information officers listed below.</p> <div class=""box-wide dark""> <h2 class=""mb-2"">Monday – Friday, 8 a.m. – 5 p.m.</h2> <p><a class=""btn btn-primary b",https://health.ucdavis.edu/news/for-journalists/contact,2026-08-03T22:42:26.807952
15,UC Davis Health,USA,sonadmissions@health.ucdavis.edu,".gif"" alt="""" width=""1"" height=""1"" border=""0""></td> </tr> <tr> <td style=""width: 48.926%;"" valign=""top""> <p class=""contactus""><strong>Admissions inquiries:</strong></p> </td> <td class=""contactus"" style=""width: 50.9547%;""",https://health.ucdavis.edu/nursing/contact_us/default.html,2026-08-03T22:42:26.948428
15,UC Davis Health,USA,bettyirenemooreson@health.ucdavis.edu,"eight=""1"" border=""0""></td> </tr> <tr> <td style=""width: 48.926%;"" valign=""top""> <p class=""contactus""><strong>General inquiries (non-Admissions questions):</strong></p> </td> <td class=""contactus"" style=""width: 50.9547%;""",https://health.ucdavis.edu/nursing/contact_us/default.html,2026-08-03T22:42:26.948428
15,UC Irvine Health,USA,ucihealthdealsteam@hs.uci.edu,"<p class=""body-copy-section rich-text full-width-cta-copy""> </p><p>We look forward to exploring potential relations with you.</p> <p></p> </div> <a class=""button"" href=""mailto:ucihealthdealsteam@hs.uci.edu"" role=""button""",https://www.ucihealth.org/UCI Health Home/About Us/For Partners,2026-08-03T22:43:03.746383
15,UR Medicine Rochester,USA,inforelease@urmc.rochester.edu,"medications and appointments. You may also send a message through your <a href=""/jones-memorial-hospital/myhealthinfo.aspx"">MyChart page</a>.<strong></strong></li><li>If you have a question for regarding medical records,",https://www.urmc.rochester.edu/jones-memorial-hospital/contact-us.aspx,2026-08-03T22:26:40.730698
15,UR Medicine Rochester,USA,sjhinformation@urmc.rochester.edu,"rong>St. James Hospital</strong><br>7329 Seneca Road North<br>Hornell, NY 14843<br><a href=""/st-james/patients-visitors/location-maps.aspx"">Location and Maps</a><br>Phone: (607) 247-2200<br>Patient Relations: (607) 247-2",https://www.urmc.rochester.edu/st-james/contact.aspx,2026-08-03T22:26:49.456097
15,UW Health Wisconsin,USA,hrservicecenter@uwhealth.org,"tent"":[{""nodeType"":""text"",""value"":""For Human Resources questions:"",""marks"":[{""type"":""bold""}],""data"":{}}]},{""nodeType"":""paragraph"",""data"":{},""content"":[{""nodeType"":""text"",""value"":"" "",""marks"":[],""data"":{}},{""nodeType"":""hyp",https://www.uwhealth.org/contact-us,2026-08-03T22:42:02.081428
15,VCU Health,USA,vcuhealthbilling@vcuhealth.org,"a href=""tel:8045237001"" aria-label=""Go to 804-523-7001"">804-523-7001</a></span></span> or <span><span class=""t4-external-link""><a href=""tel:8888030082"" aria-label=""Go to 888-803-0082"">888-803-0082</a></span></span> toll ",https://www.vcuhealth.org/home/contact-vcu-health/,2026-08-03T22:36:46.965851
15,Wake Forest Baptist Health,USA,myatriumhealth@atriumhealth.org,"p;</p> <p><strong><a href=""https://my.atriumhealth.org/MyAtriumHealth/Authentication/Login?"" target=""_blank"" title=""Patient Portal: MyAtriumHealth"" rel=""noopener noreferrer"">Patient Portal: MyAtriumHealth</a></strong><st",https://www.wakehealth.edu/contact-us,2026-08-03T22:15:46.574533
10,Royal Adelaide Hospital,Australia,rahsecuritycontrolroom@spotless.com.au,"div class=""b b--links""> <ul class=""flex flex-col w-full""> <li class=""w-full -mt-px transition-colors border-t border-transparent hover:border-secondary-400 calhn-theme:hover:border-tint-40 first:mt-0""> <a href=""mailto:RA",https://www.rah.sa.gov.au/about-us/contact,2026-08-03T22:50:39.402180
10,Royal Adelaide Hospital,Australia,rahhelpdesk@spotless.com.au,"ontrolRoom@spotless.com.au</span> </span> </a> </li> <li class=""w-full -mt-px transition-colors border-t border-transparent hover:border-secondary-400 calhn-theme:hover:border-tint-40 first:mt-0""> <a href=""mailto:RAHHelp",https://www.rah.sa.gov.au/about-us/contact,2026-08-03T22:50:39.407181
10,Royal Melbourne Hospital,Australia,ctc@mh.org.au,"800"">Clinical Trials Centre</div> <div> <div class=""mb-2 flex flex-col relative z-10"" data-contact=""Email""> <div class=""font-semibold text-xs"">Email</div> <a href=""mailto:ctc@mh.org.au"" class=""text-brand-brightblue hover",https://www.thermh.org.au/research/about-clinical-trials,2026-08-03T22:49:32.358715
10,Royal Melbourne Hospital,Australia,research@mh.org.au,"t-xs leading-tight"">8.30am to 4.30pm</div> <div> <div class=""mb-2 flex flex-col relative z-10"" data-contact=""Email""> <div class=""font-semibold text-xs"">Email</div> <a href=""mailto:research@mh.org.au"" class=""text-brand-br",https://www.thermh.org.au/research/about-research,2026-08-03T22:49:32.501482
10,Royal Melbourne Hospital,Australia,rmhhisfaxrequests@mh.org.au,"Youth and Families Act&nbsp;2005 information requests</h2> <div class=""w-24 mb-4 h-[4px] bg-brand-teal""></div> <p>For requests under the Children, Youth and Families Act (CYFA), email <a href=""mailto:RMHhisFaxRequests@mh",https://www.thermh.org.au/contact,2026-08-03T22:49:32.735981
10,Royal Melbourne Hospital,Australia,mh-policestatements@mh.org.au,"our liaison service for police-related matters such as condition updates, statements, missing person queries and&nbsp;coroner briefs.</p> <p>Call <strong><a href=""tel:+61393428454"">(03)&nbsp;9342&nbsp;8454</a></strong> o",https://www.thermh.org.au/contact,2026-08-03T22:49:32.737003
10,Alberta Health Services,Canada,privacy@ahs.ca,"use your information.</p> </div> <div class=""col-md-4""> <div class=""well well-bbg-lt""> <h3 class=""mrgn-tp-0 txt-thin"">Contact</h3> <p>For questions about the collection, use or disclosure of your information on this webs",https://www.albertahealthservices.ca/about/Page121.aspx,2026-08-03T22:43:38.559848
10,Alberta Health Services,Canada,pathtocare@ahs.ca,"arch &amp; Clinical Trial Integrity</a></li> </ul> </li> <li>Wait Time Measurement, Management, and Reporting of Scheduled Health Services (Revisions of this Policy Suite are in development. For more information, please ",https://www.albertahealthservices.ca/about/Page210.aspx,2026-08-03T22:43:39.870709
10,Alberta Health Services,Canada,policy@ahs.ca,"><a href=""/info/Page7451.aspx"">Clinical Policies &amp; Procedures</a></li> <li><a href=""/info/Page1730.aspx "">Policies &amp; Guidelines</a></li> </ul> <h2 style=""margin-top: 0px;"">Contact</h2> <p>For further information ",https://www.albertahealthservices.ca/about/Page210.aspx,2026-08-03T22:43:39.875708
10,Alberta Health Services,Canada,webcomm@ahs.ca,"o/Page12630.aspx"">Health Link</a> at <a href=""tel:811"">811</a>&nbsp;or&nbsp;see our other <a href=""/about/Page12639.aspx"">contact options</a>.&nbsp;</p> <p>If you are having trouble using this form please email Web Commu",https://www.albertahealthservices.ca/about/websitefeedback.aspx?src=,2026-08-03T22:43:40.690087
10,CAMH Toronto,Canada,employment.works@camh.ca,"contact Employment Works would like to work at CAMH, but you’re welcome to reach out to discuss any employment goal.</p> <p><strong>For further information, please contact:</strong><br> Employment Works! at CAMH via&nbsp",https://www.camh.ca/en/driving-change/about-camh/careers-at-camh?utm_id=joinourteam,2026-08-03T22:44:56.563299
10,CAMH Toronto,Canada,foundation@camh.ca,"px; border: none;"">CAMH Foundation</h4> <p style=""color: #384047; background: none; margin: 0px 0px 25px; border: none;"">416 979-6909 or 1 800 414-0471 toll-free for information about your donation or supporting the caus",https://www.camh.ca/en/driving-change/about-camh/contact-camh,2026-08-03T22:44:58.646808
10,CAMH Toronto,Canada,client.relations@camh.ca,"Patient &amp; Family Experience</h4> <p style=""color: #384047; background: none; margin: 0px 0px 25px; border: none;"">416-535-8501 ext. 32028 to provide feedback, such as comments, suggestions, complaints and compliments",https://www.camh.ca/en/driving-change/about-camh/contact-camh,2026-08-03T22:44:58.647802
10,CAMH Toronto,Canada,pfe@camh.ca,"0px 0px 25px; border: none;"">416-535-8501 ext. 32028 to provide feedback, such as comments, suggestions, complaints and compliments.<br> Email: <a href=""mailto:client.relations@camh.ca?subject=Website Inquiry - Client Re",https://www.camh.ca/en/driving-change/about-camh/contact-camh,2026-08-03T22:44:58.649810
10,CAMH Toronto,Canada,familyengagement@camh.ca,"px 25px; border: none;""> CAMH Family Resource Centre</h4> <p style=""color: #384047; background: none; margin: 0px 0px 25px; border: none;"">416 535-8501 ext. 33202 to browse family resources and find help getting connecte",https://www.camh.ca/en/driving-change/about-camh/contact-camh,2026-08-03T22:44:58.650810
10,CAMH Toronto,Canada,zac.caldwell@camh.ca,"ttom: 1rem;"">Contact CAMH Media Relations at 416 595-6015 or e-mail&nbsp;<a href=""mailto:media@camh.ca"">media@camh.ca</a>.</p> <p style=""margin-bottom: 1rem;"">CAMH's Media Strategy Manager Zac Caldwell can be reached dir",https://www.camh.ca/en/driving-change/about-camh/for-reporters,2026-08-03T22:45:00.600804
10,Hamilton Health Sciences,Canada,parkingoffice@hhsc.ca,"n Level A, next to the exit.</p> <p style=""color: red;""><strong>NOTE: During the parking garage closure, the parking office will temporarily relocate to 293 Wellington St., suite 101A.</strong></p> <p>(905) 521-2100 ext.",https://www.hamiltonhealthsciences.ca/about-us/our-organization/our-locations/hamilton-general-hospital/parking/,2026-08-03T22:43:57.967618
10,SickKids Toronto,Canada,service.desk@sickkids.ca,"counter a forced session timeout at 14 hours with a 15 minute warning. The session will need to be re-initiated in order to continue.</p> <p class=""h5"">Launch VPN from your desktop using the Citrix icon.</p> <p>Need help",https://www.sickkids.ca/en/about/myportal/,2026-08-03T22:44:47.096930
10,SickKids Toronto,Canada,ask.hr@sickkids.ca,"sing and events? <a class=""external-link"" href=""https://www.sickkidsfoundation.com/aboutus/contactus"" target=""_blank"" rel=""noopener"">Contact SickKids Foundation.</a></p> <p>Experiencing technical issues with our Careers ",https://www.sickkids.ca/en/about/contact/web-feedback/,2026-08-03T22:44:47.325187
10,Mater Hospital Dublin,Ireland,learn@mater.ie,"="""">If you do not know your password or cannot remember your password please request a password reset from the Mater Learn log in page.</p><p class="""">Any queries, please contact the Mater Learning &amp; Development Team",https://www.mater.ie/staff-links/,2026-08-03T22:51:02.918718
10,Mater Hospital Dublin,Ireland,dataprotection@mater.ie,",\""5\"",{\""children\"":\""$undefined\""}],\""Dublin 7\"",[\""$\"",\""br\"",\""7\"",{\""children\"":\""$undefined\""}],\""D07 R2WY\"",[\""$\"",\""br\"",\""9\"",{\""children\"":\""$undefined\""}],\""Tel: (01) 803 4311\"",[\""$\"",\""br\"",\""11\"",{\""childre",https://www.mater.ie/information-governance/,2026-08-03T22:51:03.144550
10,St. Vincent's Dublin,Ireland,feedbackandcomplaints@svhg.ie,".stvincents.ie/patient-feedback-and-complaints/"">feedback</a> will help us further improve the quality of our services and patient care.</p> <p><em class=""tab tab-slim"">tel: </em>(01) 221 4013<br> <em class=""tab tab-slim",https://www.stvincents.ie/contact-us/,2026-08-03T22:51:12.075161
10,St. Vincent's Dublin,Ireland,hr.reception@svuh.ie,"tact our dedicated recruitment team today if you are interested in joining one of Ireland’s leading teaching and academic hospitals</p> <p><em class=""tab tab-slim"">tel:</em> (01) 221 6016<br> <em class=""tab tab-slim"">ema",https://www.stvincents.ie/contact-us/,2026-08-03T22:51:12.080663
10,St. Vincent's Dublin,Ireland,foi@svuh.ie,"you have any additional questions.</p> <p>Freedom of Information Office<br> St. Vincent’s University Hospital<br> Elm Park<br> Dublin 4</p> <p><em class=""tab tab-slim"">tel:</em> (01) 221 5020<br> <em class=""tab tab-slim""",https://www.stvincents.ie/contact-us/,2026-08-03T22:51:12.084552
10,St. Vincent's Dublin,Ireland,laurie@mkc.ie,"enquiries</strong></h2> <p>For all media enquiries please contact MKC Communications on:</p> <p><em class=""tab tab-slim"">tel:</em> (01) 703 8600<br> <em class=""tab tab-slim"">email:</em> <a href=""mailto:info@mkc.ie"">info@",https://www.stvincents.ie/contact-us/,2026-08-03T22:51:12.086570
10,St. Vincent's Dublin,Ireland,hrreception@svuh.ie,"ruitment team today if you are interested in joining one of Ireland’s leading teaching and academic hospitals</p> <p><em class=""tab tab-slim"">tel:</em> (01) 221 6016<br> <em class=""tab tab-slim"">email:</em>&nbsp;<a href=",https://www.stvincents.ie/contact-us/,2026-08-03T22:51:12.086570
10,Belfast Health & Social Care,UK,complaints.sppg@hscni.net,"p> <p><b>Strategic Planning and Performance Group (SPPG)</b><br> Telephone: 0300 555 0115<br> Website: <a href=""https://online.hscni.net/"" class=""external-link"">Home – DOH/HSCNI Strategic Planning and Performance Group (",https://belfasttrust.hscni.net/contact-us/compliments-and-complaints/useful-contacts/,2026-08-03T22:49:08.452240
10,Belfast Health & Social Care,UK,publicliaison@belfasttrust.hscni.net,"dealing with any FOI enquiries that the Trust receives.</p> <p><strong>Contact details</strong><br> Public Liaison<br> Belfast HSC Trust<br> 1st Floor, Nore Villa<br> Knockbracken Healthcare Park<br> Belfast<br> BT8 8BH<",https://belfasttrust.hscni.net/contact-us/submit-an-foi/,2026-08-03T22:49:08.989622
10,Bristol University NHS Trust,UK,hrservices@uhbw.nhs.uk,"ence, apprenticeships, traineeships or volunteering please view our&nbsp;<a href=""/work-for-us/"">Work for Us&nbsp;section</a>.</p> <h2>Employment references</h2> <p>For employment references for substantive staff please ",https://www.uhbristol.nhs.uk/contact-us,2026-08-03T22:46:36.162361
10,Bristol University NHS Trust,UK,honoraryrequests@uhbw.nhs.uk,"s, clinical attachments, observerships, shadowing and honorary contracts</h2> <p>For information and requests relating to clinical internships, clinical attachments, observerships, shadowing and honorary contracts please",https://www.uhbristol.nhs.uk/contact-us,2026-08-03T22:46:36.163359
10,Bristol University NHS Trust,UK,southbristolacademy@uhbw.nhs.uk,"and requests relating to medical elective placements please email:&nbsp;<a href=""mailto:MedicalStudentsElectives@uhbw.nhs.uk"">MedicalStudentsElectives@uhbw.nhs.uk</a>&nbsp;For general enquiries, medical students can also",https://www.uhbristol.nhs.uk/contact-us,2026-08-03T22:46:36.164360
10,Bristol University NHS Trust,UK,talent@uhbw.nhs.uk,"ts can also email:&nbsp;<a href=""mailto:SouthBristolAcademy@uhbw.nhs.uk"">SouthBristolAcademy@uhbw.nhs.uk</a>.</p> <h2>Nursing electives</h2> <p>For information and requests relating to nursing elective placements please ",https://www.uhbristol.nhs.uk/contact-us,2026-08-03T22:46:36.165361
10,Bristol University NHS Trust,UK,gpliaison@uhbw.nhs.uk,"p>For information and requests relating to nursing elective placements please email:&nbsp;<a href=""mailto:talent@uhbw.nhs.uk"">talent@uhbw.nhs.uk</a></p> <h2>GPs</h2> <p>If you are a GP wanting to provide feedback please ",https://www.uhbristol.nhs.uk/contact-us,2026-08-03T22:46:36.165361
10,Bristol University NHS Trust,UK,payments@uhbw.nhs.uk,"w.nhs.uk</a></p> <h2>GPs</h2> <p>If you are a GP wanting to provide feedback please email:&nbsp;<a href=""mailto:GPliaison@uhbw.nhs.uk"">GPliaison@uhbw.nhs.uk</a>.</p> <h2>Supplier invoices</h2> <p>Please send any invoices",https://www.uhbristol.nhs.uk/contact-us,2026-08-03T22:46:36.166364
10,Bristol University NHS Trust,UK,palsandcomplaints@uhbw.nhs.uk,"le=""Online PALS and Complaints form (opens on www.uhbw.nhs.uk)""> online PALS and Complaints form</a>&nbsp;or by using the details below:</p> <p><strong>Bristol</strong></p> <p>Phone: 0117 342 1050</p> <p>Email:&nbsp;<a r",https://www.uhbristol.nhs.uk/contact-us/tell-us-about-your-experience/,2026-08-03T22:46:44.913563
10,Bristol University NHS Trust,UK,iain.elliott@bris.ac.uk,Centre</dt> <dd>Telephone Voluntary Services: 0117&nbsp;342 1530</dd> <dt><br> Radio Lollipop - Bristol Royal Hospital for Children</dt> <dd>Telephone: 0117 342 8321</dd> <dt><br> Bristol Hospital Radio Service</dt> <dd>,https://www.uhbristol.nhs.uk/about-us/our-charities-and-fundraising/,2026-08-03T22:46:44.951985
10,Bristol University NHS Trust,UK,john.clifford@wrvs.org.uk,es: 0117&nbsp;342 1530</dd> <dt><br> MS Multiple Sclerosis Society</dt> <dd>Telephone Voluntary Services: 0117&nbsp;342 1530</dd> <dt><br> Royal Voluntary Services - UH Bristol</dt> <dd>Telephone: 07714 898 563</dd> <dd>,https://www.uhbristol.nhs.uk/about-us/our-charities-and-fundraising/,2026-08-03T22:46:44.952498
10,Bristol University NHS Trust,UK,steven.hargreaves@wrvs.org.uk,"oluntary Services: 0117&nbsp;342 1530</dd> <dt><br> Royal Voluntary Services - UH Bristol</dt> <dd>Telephone: 07714 898 563</dd> <dd>Email: <a href=""mailto:john.clifford@wrvs.org.uk"">john.clifford@wrvs.org.uk</a></dd> <d",https://www.uhbristol.nhs.uk/about-us/our-charities-and-fundraising/,2026-08-03T22:46:44.952498
10,Cambridge University Hospitals,UK,cuh.opcallhandling.patient@nhs.net,"centre on <a href=""tel:01223 274593"">01223 274593</a>.</p><h3 data-block-key=""w9fyb"">Return appointments</h3><p data-block-key=""vpa7j"">Telephone: <a href=""tel:01223 806000"">01223 806000</a></p><p data-block-key=""msf8f"">P",https://www.cuh.nhs.uk/contact-us/contact-enquiries/,2026-08-03T22:46:26.224972
10,Cambridge University Hospitals,UK,cuh.foi@nhs.net,"non-personal data, contact Freedom of Information on<ul><li data-block-key=""1psl2""><a href=""tel:01223 348697"">01223 348697</a></li><li data-block-key=""5cb8f""><a href=""tel:01223 348262"">01223 348262</a></li><li data-block",https://www.cuh.nhs.uk/contact-us/contact-enquiries/,2026-08-03T22:46:26.231483
10,Cambridge University Hospitals,UK,cuh.medicolegal@nhs.net,"ard where they are or were staying.</p><p data-block-key=""of00"">For lost property, contact the Access Office on 01223 596060.</p><p data-block-key=""2o7sm"">If we cannot find the property, you may be able to claim compensa",https://www.cuh.nhs.uk/contact-us/contact-enquiries/,2026-08-03T22:46:26.234483
10,Cambridge University Hospitals,UK,add-tr.patientservices@nhs.net,"a-block-key=""awb4f"">If you need to update any of the following:</p><ul><li data-block-key=""9ma64"">your address</li><li data-block-key=""250bk"">contact details</li><li data-block-key=""b41bs"">or next of kin<ul><li data-bloc",https://www.cuh.nhs.uk/contact-us/contact-enquiries/,2026-08-03T22:46:26.245758
10,Cambridge University Hospitals,UK,eoeasnt.feedback@nhs.net,", question or would like to give feedback about:</p><h3 data-block-key=""g4gwc"">East of England ambulance service</h3><ul><li data-block-key=""loo2k"">Telephone: <a href=""tel:01234 243320"">01234 243320</a></li><li data-bloc",https://www.cuh.nhs.uk/contact-us/contact-enquiries/,2026-08-03T22:46:26.254872
10,Cambridge University Hospitals,UK,papworth.pals@nhs.net,"a-block-key=""talk0""><a href=""mailto:england.contactus@nhs.net"">Email NHS England</a></li></ul><h3 data-block-key=""5qjri"">Papworth hospital PALS</h3><ul><li data-block-key=""y5g90"">Telephone: 01223 638896</li><li data-bloc",https://www.cuh.nhs.uk/contact-us/contact-enquiries/,2026-08-03T22:46:26.260871
10,Cambridge University Hospitals,UK,pals@wsh.nhs.uk,"to:Papworth.pals@nhs.net"">Email Papworth PALS</a></li></ul><h3 data-block-key=""5vaj1"">West Suffolk hospital PALS</h3><ul><li data-block-key=""a6yvt"">Telephone: <a href=""tel:01284 712555"">01284 712555</a></li><li data-bloc",https://www.cuh.nhs.uk/contact-us/contact-enquiries/,2026-08-03T22:46:26.263888
10,Cambridge University Hospitals,UK,pals@cpft.nhs.uk,"West Suffolk PALS</a></li></ul><h3 data-block-key=""2vrxq"">Cambridgeshire and Peterborough Foundation Trust PALS</h3><ul><li data-block-key=""3jfhp"">Telephone: <a href=""tel:01223 219444"">01223 219444</a></li><li data-block",https://www.cuh.nhs.uk/contact-us/contact-enquiries/,2026-08-03T22:46:26.267879
10,Cambridge University Hospitals,UK,nwangliaft.pals@nhs.net,"</a></li></ul><h3 data-block-key=""u8h47"">Peterborough City hospital and Stamford and Rutland hospital</h3><ul><li data-block-key=""aahmd"">NWAFT PALS telephone: <a href=""tel:01733 673405"">01733 673405</a></li><li data-bloc",https://www.cuh.nhs.uk/contact-us/contact-enquiries/,2026-08-03T22:46:26.270877
10,Cambridge University Hospitals,UK,hch-tr.pals@nhs.net,"o:Nwangliaft.pals@nhs.net"">Email NWADT PALS</a></li></ul><h3 data-block-key=""nkj55"">Hinchingbrooke hospital PALS</h3><ul><li data-block-key=""a1g32"">Telephone: <a href=""tel:01480 428964"">01480 428964</a></li><li data-bloc",https://www.cuh.nhs.uk/contact-us/contact-enquiries/,2026-08-03T22:46:26.274877
10,Cambridge University Hospitals,UK,snccg.complaintsservices@nhs.net,"mbridge and Peterborough ICS</a></li></ul><h3 data-block-key=""ynryk"">Health commissioning in Norfolk</h3><ul><li data-block-key=""3brjr"">Norfolk CCG telephone: <a href=""tel:01603 595857"">01603 595857</a></li><li data-bloc",https://www.cuh.nhs.uk/contact-us/contact-enquiries/,2026-08-03T22:46:26.280966
10,Cambridge University Hospitals,UK,pals@suffolk.nhs.uk,"li></ul><h3 data-block-key=""76hj6"">Health commissioning in Ipswich / East Suffolk</h3><ul><li data-block-key=""5to9n"">Ipswich and East Suffolk CCG telephone: <a href=""tel:0800 389 6819"">0800 389 6819</a></li><li data-bloc",https://www.cuh.nhs.uk/contact-us/contact-enquiries/,2026-08-03T22:46:26.285980
10,Cambridge University Hospitals,UK,customersupport.uk@sabagroup.com,"a>.</p><p data-block-key=""14c7h"">To discuss a parking ticket issued while on the hospital site phone SABA Parking Tickets on</p><ul><li data-block-key=""1qbvl""><a href=""tel:03301232547"">0330 123 2547</a></li><li data-bloc",https://www.cuh.nhs.uk/contact-us/contact-enquiries/,2026-08-03T22:46:26.293977
10,Cambridge University Hospitals,UK,cuh.gpqueries@nhs.net,"n a GP surgery or other primary care service and have a question about our hospital:</p><ul><li data-block-key=""6bkpb"">Call the Primary Care Liaison team on <b>01223 257263</b> or <b>01223 274584</b></li><li data-block-k",https://www.cuh.nhs.uk/contact-us/contact-enquiries/,2026-08-03T22:46:26.297644
10,Cambridge University Hospitals,UK,cuh.private.addenbrookes@nhs.net,"ight team below if you have a question about paying for treatment.</p><h3 data-block-key=""8h1al"">Paying Patients</h3><ul><li data-block-key=""3pcgh"">Call us on <a href=""tel:01223 254517"">01223 254517</a></li><li data-bloc",https://www.cuh.nhs.uk/contact-us/contact-enquiries/,2026-08-03T22:46:26.300644
10,Cambridge University Hospitals,UK,add-tr.overseaspatients@nhs.net,"epartments/paying-patients-office/"">Visit our overseas patients' page</a> if the patient comes from another country.</li><li data-block-key=""21la2"">Call us on <a href=""tel:01223 216999"">01223 216999</a></li><li data-bloc",https://www.cuh.nhs.uk/contact-us/contact-enquiries/,2026-08-03T22:46:26.304643
10,Cambridge University Hospitals,UK,patient.experience1@nhs.net,"data-block-key=""6is5o"">Ask about joining a focus group</li><li data-block-key=""9npf9"">Get a survey in a different format or language</li></ul><p data-block-key=""9t7hc"">Call us on <b>01223 274874</b></p><ul><li data-block",https://www.cuh.nhs.uk/contact-us/contact-enquiries/,2026-08-03T22:46:26.307157
10,Cambridge University Hospitals,UK,cuh.volunteer@nhs.net,"org.uk/"" target=""_blank"" rel=""noopener noreferrer"">CUH Volunteers<span class=""new-tab-text""> (opens in a new tab)</span></a></li><li data-block-key=""k94q"">call <a href=""tel:01223 586616"">01223 586616</a></li><li data-blo",https://www.cuh.nhs.uk/contact-us/contact-enquiries/,2026-08-03T22:46:26.311157
10,Cambridge University Hospitals,UK,hello@act4addenbrookes.org.uk,"upport for the hospital are managed by <a href=""https://www.act4addenbrookes.org.uk/"" target=""_blank"" rel=""noopener noreferrer"">Addenbrooke's Charitable Trust&nbsp;(ACT)<span class=""new-tab-text""> (opens in a new tab)</s",https://www.cuh.nhs.uk/about-us/our-charity/how-you-can-help-us-donations/,2026-08-03T22:46:27.116080
10,Cardiff and Vale Health Board,UK,concerns@wales.nhs.uk,"d one are scheduled for surgery and have any questions or concerns about the procedure, please do not hesitate to contact our dedicated Concerns Team by calling&nbsp;<a href=""tel:029 218 36318"">029 218 36318</a>&nbsp;or ",https://cavuhb.nhs.wales/contact-us/,2026-08-03T22:48:48.059347
10,Cardiff and Vale Health Board,UK,cav.concerns@wales.nhs.uk,"queue=""true"" data-quotationcolour=""#FF6600"" data-render=""server"" data-source=""&lt;p&gt;They can be reached between the hours of 8am to 4pm Monday to Thursday and 8am to 3pm Friday on 029 2183 6318 or via e-mail using&amp",https://cavuhb.nhs.wales/contact-us/,2026-08-03T22:48:48.063350
10,Cardiff and Vale Health Board,UK,news@wales.nhs.uk,"p;</p> <p class=""alert alert-info"" style=""margin-bottom: 11px;""><strong>Please direct all media enquiries and filming requests to&nbsp;</strong><strong><a href=""https://cavuhb.nhs.wales/news/news-email/news-email/""><span",https://cavuhb.nhs.wales/news/cahce-team/,2026-08-03T22:49:05.709400
10,Cardiff and Vale Health Board,UK,foi.requests@wales.nhs.uk,"vices are being provided, the standards of services that are expected, the targets that are being set and the results achieved, together with how much it costs to provide the services it offers.</p> <p>For FoI Requests p",https://cavuhb.nhs.wales/about-us/governance-and-assurance/freedom-of-information/,2026-08-03T22:49:05.897002
10,Chelsea and Westminster NHS,UK,chelwest.appointment-enquiries@nhs.net,"e or cancel an appointment:</p> <ul class=""listTypeCircleNarrow""> <li>If your appointment is <strong>more than two business days away</strong>, email: <ul class=""listTypeCircleNarrow""> <li><strong>Chelsea:</strong> <a cl",https://www.chelwest.nhs.uk/contact-us,2026-08-03T22:47:47.209045
10,Chelsea and Westminster NHS,UK,caw-tr.wm-bookingenquiries@nhs.net,"tTypeCircleNarrow""> <li><strong>Chelsea:</strong> <a class=""email-link"" href=""mailto:chelwest.appointment-enquiries@nhs.net"" target=""_self"" title="""">chelwest.appointment-enquiries@nhs.net</a></li> <li><strong>West Middle",https://www.chelwest.nhs.uk/contact-us,2026-08-03T22:47:47.212044
10,Chelsea and Westminster NHS,UK,caw-tr.radiology@nhs.net,"on 3)</li> <li><strong>West Middlesex:</strong> Call 020 8321 5952 (maternity) or 020 8321 5007/5008/6420 (antenatal)</li> </ul> <h3>Imaging (X-ray, ultrasound, MRI, scans)</h3> <ul class=""narrow""> <li><strong>Chelsea: <",https://www.chelwest.nhs.uk/contact-us,2026-08-03T22:47:47.220043
10,Chelsea and Westminster NHS,UK,caw-tr.wm-ultra@nhs.net,"<li><strong>West Middlesex Clinical Imaging:</strong> Email <a href=""mailto:caw-tr.westmidadmin17@nhs.net"">caw-tr.westmidadmin17@nhs.net</a> or call 020 8321 5872</li> <li><strong>West Middlesex Ultrasound/Gynaecology:</",https://www.chelwest.nhs.uk/contact-us,2026-08-03T22:47:47.228578
10,Chelsea and Westminster NHS,UK,caw-tr.surgicaladmissionsofficecwh@nhs.net,"only—follow-up appointments are booked/managed <a class=""external-link"" href=""https://drdoctor.thirdparty.nhs.uk/"" rel=""noopener"" target=""_blank"" title="""">via DrDoctor</a>.</p> <ul class=""narrow""> <li><strong>Chelsea: </",https://www.chelwest.nhs.uk/contact-us,2026-08-03T22:47:47.232580
10,Chelsea and Westminster NHS,UK,caw-tr.cie@nhs.net,"mation Exchange (CIE) issues</h3> <p>If your query or issue relates to a text message or email you received from or about the Care Information Exchange (CIE), <strong>do not complete this form</strong>—please email <a cl",https://www.chelwest.nhs.uk/contact/send-us-feedback,2026-08-03T22:47:58.389052
10,Derby and Burton NHS Trust,UK,dhft.interpreterservices@nhs.net,"-output""> <h3>Our departments aim to book interpreters themselves. However, if you would like to make sure one is booked, please contact:</h3> <p>For Royal Derby Hospital and Florence Nightingale Community Hospitals, ple",https://www.uhdb.nhs.uk/contact-us-how-to-request-a-bsl-interpreter,2026-08-03T22:48:15.441522
10,Derby and Burton NHS Trust,UK,bookings@cu-bsl.co.uk,"and time, the clinic name and location and your hospital number (if known).</p> <p>The interpreters will come from Communication Unlimited and will be paid for by the hospital. You can contact Communication Unlimited dir",https://www.uhdb.nhs.uk/contact-us-how-to-request-a-bsl-interpreter,2026-08-03T22:48:15.442522
10,Derby and Burton NHS Trust,UK,assist@staffordshire.gov.uk,"bile text number <a href=""tel:07812%20300280"">07812 300280</a> (text only).</p> <p>For Queen’s Hospital Burton, Samuel Johnson Community Hospital and Sir Robert Peel Community Hospital, please contact ASSIST:</p> <ul> <l",https://www.uhdb.nhs.uk/contact-us-how-to-request-a-bsl-interpreter,2026-08-03T22:48:15.442522
10,East Suffolk & North Essex NHS,UK,patient.experience@esneft.nhs.uk,"el=""noopener"">Patient Advice and Liaison Service (Opens in a new window)</a> team can help you if you’re having a problem now or need some support with our services.</p><p>They will also happily pass on your compliments ",https://www.esneft.nhs.uk/contact-us/,2026-08-03T22:48:24.190023
10,East Suffolk & North Essex NHS,UK,foi@esneft.nhs.uk,"would like to make a complaint.</p><h3>Media enquiries</h3><p><a href=""https://www.esneft.nhs.uk/contact-us/communications-team/"" rel=""noopener"">Contact the communications team</a></p><h3>Make a Freedom of Information re",https://www.esneft.nhs.uk/contact-us/,2026-08-03T22:48:24.191022
10,East Suffolk & North Essex NHS,UK,apprenticeships@esneft.nhs.uk,"tyle=""font-weight: 400;"">Thinking about apprenticeships? Find out more by visiting the <a href=""https://www.esneft.nhs.uk/work-and-learn-at-esneft/learning-and-development/apprenticeships/"">ESNEFT apprenticeships web pag",https://www.esneft.nhs.uk/contact-us/,2026-08-03T22:48:24.192024
10,East Suffolk & North Essex NHS,UK,recruitment@esneft.nhs.uk,"le=""font-weight: 400;"">Looking for a job with us? Find out more about employment opportunities at ESNEFT by visiting the <a href=""https://www.esneft.nhs.uk/work-and-learn-at-esneft/"">work and learn at ESNEFT pages on thi",https://www.esneft.nhs.uk/contact-us/,2026-08-03T22:48:24.193022
10,Imperial College Healthcare NHS,UK,i.outpatientappointments@nhs.net,"r appointment or would like to cancel or change it, please contact our booking team:</p> <p> <strong>Telephone: </strong>020 3313 5000 (<span>available between 8am and 6:30pm, Monday to Friday)</span><br> <strong>Email:<",https://www.imperial.nhs.uk/contact-us,2026-08-03T22:45:40.016154
10,Imperial College Healthcare NHS,UK,imperial.web@nhs.net,"</li> <li> <a href=""https://www.research.imperial.nhs.uk/"">Research</a> </li> <li> <a href=""/education"">Education</a> </li> <li> <a href=""/sitemap"">Sitemap</a> </li> <li> <a href=""mailto:imperial.web@nhs.net?subject=Webs",https://www.imperial.nhs.uk/contact-us,2026-08-03T22:45:40.016154
10,Manchester NHS Foundation Trust,UK,charity.office@mft.nhs.uk,"e thinking of making a donation to any of our hospitals, each of our nine hospitals has a dedicated Charity. To contact the Charities Team please call 0161 276 4522 (during office hours, Monday-Friday, 9am-5pm) or altern",https://mft.nhs.uk/contact-us,2026-08-03T22:45:53.485142
10,Manchester NHS Foundation Trust,UK,claims@mft.nhs.uk,"gal-correspondence"">Legal correspondence</h2> <div class=""u-mb-2""> <p style=""font-weight: 400;"">We ask that all correspondence relating to legal matters is sent directly to the Legal Services Department at <a href=""mailt",https://mft.nhs.uk/contact-us,2026-08-03T22:45:53.489409
10,Manchester NHS Foundation Trust,UK,sar.mft@mft.nhs.uk,"s.uk"">claims@mft.nhs.uk</a> and that our reference is quoted to avoid any unnecessary delays.</p> <p style=""font-weight: 400;"">Any requests or queries for medical records will need to be directed to the Subject Access Re",https://mft.nhs.uk/contact-us,2026-08-03T22:45:53.489917
10,NHS Greater Glasgow and Clyde,UK,eastdun.hscpcomplaints@ggc.scot.nhs.uk,"h"">For complaints about HSCP services, which aren’t managed by hospitals, please contact:&nbsp;</p> <h3 id=""h-east-dunbartonshire-hscp"" class=""wp-block-heading"">East Dunbartonshire HSCP</h3> <p class=""wp-block-paragraph""",https://www.nhsggc.scot/contact-us/complaints/,2026-08-03T22:48:36.678466
10,NHS Greater Glasgow and Clyde,UK,hscppa@eastrenfrewshire.gov.uk,"rk-bg-color has-alpha-channel-opacity has-nv-dark-bg-background-color has-background is-style-default""> <h3 id=""h-east-renfrewshire-hscp"" class=""wp-block-heading"">East Renfrewshire HSCP</h3> <p class=""wp-block-paragraph""",https://www.nhsggc.scot/contact-us/complaints/,2026-08-03T22:48:36.680479
10,NHS Greater Glasgow and Clyde,UK,gchscpcomplaints@ggc.scot.nhs.uk,"has-nv-dark-bg-color has-alpha-channel-opacity has-nv-dark-bg-background-color has-background is-style-default""> <h3 id=""h-glasgow-city-hscp"" class=""wp-block-heading"">Glasgow City HSCP</h3> <p class=""wp-block-paragraph"">",https://www.nhsggc.scot/contact-us/complaints/,2026-08-03T22:48:36.682487
10,NHS Greater Glasgow and Clyde,UK,complaints.hscp@inverclyde.gov.uk,"olor has-nv-dark-bg-color has-alpha-channel-opacity has-nv-dark-bg-background-color has-background is-style-default""> <h3 id=""h-inverclyde-hscp"" class=""wp-block-heading"">Inverclyde HSCP</h3> <p class=""wp-block-paragraph""",https://www.nhsggc.scot/contact-us/complaints/,2026-08-03T22:48:36.684494
10,NHS Greater Glasgow and Clyde,UK,renfrewshirehscp.complaints@ggc.scot.nhs.uk,"has-nv-dark-bg-color has-alpha-channel-opacity has-nv-dark-bg-background-color has-background is-style-default""> <h3 id=""h-renfrewshire-hscp"" class=""wp-block-heading"">Renfrewshire HSCP</h3> <p class=""wp-block-paragraph"">",https://www.nhsggc.scot/contact-us/complaints/,2026-08-03T22:48:36.685502
10,NHS Greater Glasgow and Clyde,UK,wdhscp@west-dunbarton.gov.uk,"color has-alpha-channel-opacity has-neve-link-color-background-color has-background is-style-wide""> <h3 id=""h-west-dunbartonshire-hscp"" class=""wp-block-heading"">West Dunbartonshire HSCP</h3> <p class=""wp-block-paragraph""",https://www.nhsggc.scot/contact-us/complaints/,2026-08-03T22:48:36.688449
10,NHS Greater Glasgow and Clyde,UK,gchpcomplaints@ggc.scot.nhs.uk,"s which means they have their own complaints system in place.</p> <p class=""wp-block-paragraph"">For further advice on how to complain about these services, use the contact details below.</p> <p class=""wp-block-paragraph""",https://www.nhsggc.scot/contact-us/complaints/,2026-08-03T22:48:36.690461
10,NHS Greater Glasgow and Clyde,UK,foi@ggc.scot.nhs.uk,"uiries and other contact details, feedback or complaints please go to our&nbsp;<a href=""https://www.nhsggc.scot/contact-us/have-your-say/"">Have Your Say</a>&nbsp;page.</p> <p class=""wp-block-paragraph"">Contact the team b",https://www.nhsggc.scot/contact-us/freedom-of-information-foi/,2026-08-03T22:48:36.991572
10,NHS Greater Glasgow and Clyde,UK,data.protection@ggc.scot.nhs.uk,"ess-to-records/"">Access to Records</a>.</p> <p class=""wp-block-paragraph"">For any other personal information held by the Board, please contact the Information Governance Team for advice:</p> <p class=""wp-block-paragraph""",https://www.nhsggc.scot/contact-us/freedom-of-information-foi/,2026-08-03T22:48:36.993538
10,NHS Greater Glasgow and Clyde,UK,glasgowfnd@hotmail.com,"re: First and third Friday of every month 1.00-3.30pm at the Clarice Pear Building, 90 Byres Rd, Glasgow, G12 8TB Second and last Friday of the month 1.00-3.30pm at Parkhead Hub, 1221 Gallowgate, Glasgow, G31 4EB For mor",https://www.nhsggc.scot/about-us/nhsggc-news/,2026-08-03T22:48:37.722882
10,NHS Greater Glasgow and Clyde,UK,ggc.patientexperience@nhs.scot,"t healthcare experiences.</li> </ul> <h3 class=""wp-block-heading"">You can email your feedback</h3> <p class=""wp-block-paragraph"">If you are unable to use the above feedback forms or have questions about sharing feedback,",https://www.nhsggc.scot/contact-us/get-involved/share-your-feedback/,2026-08-03T22:48:37.936150
10,NHS Lothian Edinburgh,UK,loth.charity@nhs.scot,"hure-theme/images/NHSLothianCharityLogo.png"" class=""charshrink"" alt=""NHS Lothian Charity Logo"" width=""1045"" height=""328""> <div style=""font-size: 14px;line-height: 20px;padding: 20px 0px 0px 28px;""> Tel: +44 (0)131 465 58",https://www.nhslothian.scot/contact-us/,2026-08-03T22:48:53.019891
10,Southampton University NHS,UK,pals@uhs.nhs.uk,"2b4504-052d-4978-b0f1-5f73258ed467"" data-nodelanguage=""en-GB"" data-entryid=""dfe28088-783c-4692-81b2-a024db9f577b"">here</a>. The team are available 9am to 4pm, Monday to Friday and can be contacted by phoning 023 8120 632",https://www.uhs.nhs.uk/contact,2026-08-03T22:47:24.532144
10,Southampton University NHS,UK,disclosures@uhs.nhs.uk,"=""en-GB"" data-entryid=""59d949a3-586b-49cf-ba57-df3e68391582""><u>changes to your address or contact details here</u></a>.</li> </ul> <h3>Other useful contacts<strong>&nbsp;</strong></h3> <ul> <li>For access to health reco",https://www.uhs.nhs.uk/contact/tell-us-about-your-experience/getting-help,2026-08-03T22:47:39.040624
10,Southampton University NHS,UK,privatepatients@uhs.nhs.uk,"/strong></h3> <ul> <li>For access to health records email <br><a href=""mailto:disclosures@uhs.nhs.uk"">disclosures@uhs.nhs.uk</a> or call 023 8120 4885</li> <li>For enquiries relating to private patient care or overseas v",https://www.uhs.nhs.uk/contact/tell-us-about-your-experience/getting-help,2026-08-03T22:47:39.042595
10,Southampton University NHS,UK,patientinvolvement@uhs.nhs.uk,"all 023 8120 4885</li> <li>For enquiries relating to private patient care or overseas visitors email <a href=""mailto:privatepatients@uhs.nhs.uk"">privatepatients@uhs.nhs.uk</a></li> <li>To find out more about getting invo",https://www.uhs.nhs.uk/contact/tell-us-about-your-experience/getting-help,2026-08-03T22:47:39.044604
10,Southampton University NHS,UK,careersexperience@uhs.nhs.uk,"atients@uhs.nhs.uk"">privatepatients@uhs.nhs.uk</a></li> <li>To find out more about getting involved email<br><a href=""mailto:patientinvolvement@uhs.nhs.uk"">patientinvolvement@uhs.nhs.uk</a></li> <li>For work experience e",https://www.uhs.nhs.uk/contact/tell-us-about-your-experience/getting-help,2026-08-03T22:47:39.047589
10,Southampton University NHS,UK,volunteers@uhs.nhs.uk,"to:patientinvolvement@uhs.nhs.uk"">patientinvolvement@uhs.nhs.uk</a></li> <li>For work experience enquires email <a href=""mailto:careersexperience@uhs.nhs.uk"">careersexperience@uhs.nhs.uk</a></li> <li>For voluntary work e",https://www.uhs.nhs.uk/contact/tell-us-about-your-experience/getting-help,2026-08-03T22:47:39.049584
10,Southampton University NHS,UK,elective@southampton.ac.uk,"href=""mailto:careersexperience@uhs.nhs.uk"">careersexperience@uhs.nhs.uk</a></li> <li>For voluntary work enquires email <a href=""mailto:volunteers@uhs.nhs.uk"">volunteers@uhs.nhs.uk</a></li> <li>For medical undergraduate e",https://www.uhs.nhs.uk/contact/tell-us-about-your-experience/getting-help,2026-08-03T22:47:39.051589
10,Southampton University NHS,UK,publications@uhs.nhs.uk,"ce"",""trustDocsUploadToPublicSiteN3"":""False"",""webTeamNotes"":"""",""includeInAToZ"":false,""documentType"":"""",""trustDocsChildren"":""False"",""featuredInSearch"":""False"",""trustDocsIncludeInAZ"":""False"",""contentOwner"":"""",""trustDocsNote",https://www.uhs.nhs.uk/contact/tell-us-about-your-experience/getting-help,2026-08-03T22:47:39.055114
10,St George's University NHS,UK,diversity.inclusion@stgeorges.nhs.uk,"- St George's University Hospitals NHS Foundation Trust""> <meta property=""og:description"" content=""General Information: If you would like to get in touch to discuss D&amp;I, learn more about what we are doing and ways to",https://www.stgeorges.nhs.uk/contact-us/,2026-08-03T22:47:45.482597
10,St George's University NHS,UK,joseph.pavett-downer@stgeorges.nhs.uk,"formation: If you would like to get in touch to discuss D&amp;I, learn more about what we are doing and ways to get involved please email: Diversity.Inclusion@stgeorges.nhs.uk Alternatively, please contact our Diversity ",https://www.stgeorges.nhs.uk/contact-us/,2026-08-03T22:47:45.483599
10,St George's University NHS,UK,lgbtq@stgeorges.nhs.uk,"ef=""mailto:BAME.NetworkAdmin@stgeorges.nhs.uk"">BAME.NetworkAdmin@stgeorges.nhs.uk</a></li> <li>Disability and Wellness – <a href=""mailto:Diversity.Inclusion@stgeorges.nhs.uk"">Diversity.Inclusion@stgeorges.nhs.uk</a></li>",https://www.stgeorges.nhs.uk/contact-us/,2026-08-03T22:47:45.486602
10,St George's University NHS,UK,gesh.comms@stgeorges.nhs.uk,"h West London Pathology Network, and are developing shared specialist services, including an integrated kidney service, to improve patient care.</p> <p><span style=""font-family: 'Helvetica',sans-serif; color: #0a0a0a;"">P",https://www.stgeorges.nhs.uk/about/collaboration-with-epsom-st-helier-hospital/,2026-08-03T22:47:56.681674
10,St George's University NHS,UK,members@stgeorges.nhs.uk,"for improvement and strengthen our connection with the communities we serve.</p> <p>You can join by:</p> <ul> <li>Complete&nbsp;<a href=""https://secure.membra.co.uk/Join/StGeorges"">our online membership form</a></li> <li",https://www.stgeorges.nhs.uk/about/members/,2026-08-03T22:47:56.981130
10,University College London NHS,UK,uclh.webmaster@nhs.net,".uclh.nhs.uk/search"" data-link_text=""searching our site"">searching our site</a> or use the navigation on our <a href=""https://www.uclh.nhs.uk/"" data-link_text=""home page"">home page</a>. Still can't find what you're looki",https://www.uclh.nhs.uk/contact-us,2026-08-03T22:46:10.442483
10,University College London NHS,UK,uclh.members@nhs.net,"e <a href=""https://www.uclh.nhs.uk/download_file/view/115/690/683"" data-link_text=""UCLH Constitution"">UCLH Constitution</a>.</p> <p>If you have you any queries or would like to know more, please contact&nbsp;the Membersh",https://www.uclh.nhs.uk/about-us/who-we-are/membership-uclh/become-member,2026-08-03T22:46:24.219898
10,University College London NHS,UK,uclh.igqueries@nhs.net,"a></span> or call 020 3447 9290. </span></span></span></span></span></p> <p><span><span><span><span><span>If you would like to make a complaint about the way we process your data, you can contact our Data Protection Offi",https://www.uclh.nhs.uk/about-us/who-we-are/membership-uclh/become-member,2026-08-03T22:46:24.220899
10,University College London NHS,UK,foundation.trust@uclh.nhs.uk,"ownload_file/view/115/690/683"" data-link_text=""UCLH Constitution"">UCLH Constitution</a>.</p> <p>If you have you any queries or would like to know more, please contact&nbsp;the Membership Office at <a href=""mailto:uclh.me",https://www.uclh.nhs.uk/about-us/who-we-are/membership-uclh/become-member,2026-08-03T22:46:24.221898
10,University Hospitals of Leicester,UK,uhl-tr.unpaidplacements@nhs.net,"portunities</a>&nbsp;</p> <p class=""wp-block-paragraph""><a href=""https://www.uhleicester.nhs.uk/careers/current-vacancies/"" target=""_blank"" rel=""noreferrer noopener"">Current vacancies</a>&nbsp;</p> <p class=""wp-block-par",https://www.leicestershospitals.nhs.uk/contact-us/,2026-08-03T22:48:07.583998
10,University Hospitals of Leicester,UK,uhl.payrollassistance@civica.co.uk,"k-paragraph""><a href=""mailto:uhl-tr.unpaidplacements@nhs.net"" target=""_blank"" rel=""noreferrer noopener"">Email for clinical attachment roles</a>&nbsp;&nbsp;</p> <p class=""wp-block-paragraph"">For employee references,&nbsp;",https://www.leicestershospitals.nhs.uk/contact-us/,2026-08-03T22:48:07.584998
10,University Hospitals of Leicester,UK,emily.griffith-dixon@ywrec.com,"r"">UHL.payrollassistance@civica.co.uk</a>&nbsp;or call 0333 207 6562.&nbsp;</p> <p class=""wp-block-paragraph"">For international recruitment&nbsp;of&nbsp;<strong>overseas nurses</strong>, candidates need to contact&nbsp;e",https://www.leicestershospitals.nhs.uk/contact-us/,2026-08-03T22:48:07.585997
10,University Hospitals of Leicester,UK,stephanie.oconnell@kcr.ie,"&nbsp;<strong>overseas nurses</strong>, candidates need to contact&nbsp;either&nbsp;<a href=""mailto:emily.griffith-dixon@ywrec.com"" target=""_blank"" rel=""noreferrer noopener"">Your World</a>&nbsp;(+44 (0)207 220&nbsp;0832)",https://www.leicestershospitals.nhs.uk/contact-us/,2026-08-03T22:48:07.585997
10,University Hospitals of Leicester,UK,uhl-tr.bookingcentre@nhs.net,"our <a href=""https://www.uhleicester.nhs.uk/patients-visitors/appointments/change-cancel-appointment/"">online form</a>.</p> <p class=""wp-block-paragraph"">For all other queries about&nbsp;appointments, please&nbsp;email&n",https://www.leicestershospitals.nhs.uk/contact-us/,2026-08-03T22:48:07.586998
10,Advocate Health,USA,srco-financialassistance@aah.org,"P.O. Box 3039<br> Oak Brook, IL 60522</p></div></div><div class=""r-rich-text r-rich-text-anchors-default _hidden-text_195cg_260"" data-testid=""rich-text""><div><p>Fax to: 630-645-4691&nbsp;<br> Email to:&nbsp;<a rel=""noope",https://www.advocatehealth.com/about-us/financial-assistance-for-patients,2026-08-03T22:23:30.149340
10,Advocate Health,USA,srco-lgh-roi@aah.org,"information</h2> <p>How do I obtain a copy of my medical records? <a href=""/contact-us/medical-records"">Follow this step-by-step process</a>.</p> <p>Phone: <a href=""tel:18477236150"">847-723-6150</a> | Fax: 847-723-2193</",https://www.advocatehealth.com/luth/patients-visitors/contact-us,2026-08-03T22:23:30.431495
10,Advocate Health,USA,lgh-patientrelations@aah.org,"olor=""false""><div><div class=""r-rich-text r-rich-text-anchors-default _content_1kv8v_237"" data-testid=""rich-text""><div><h2>Patient comments/compliments/concerns</h2> <p><strong>Patient Relations Specialist/Coordinator</s",https://www.advocatehealth.com/luth/patients-visitors/contact-us,2026-08-03T22:23:30.432496
10,Ascension Health,USA,careers@ascension.org,"essaging program name is “OneMission” and the types of messages end users may receive from the short code are related to job opportunities, job application process and hiring events. For customer care or any assistance p",https://about.ascension.org/terms,2026-08-03T22:20:09.093786
10,Beth Israel Deaconess,USA,relations@bidmc.harvard.edu,"50"" target=""_blank"" title=""Call the Office of Patient Relations at BIDMC"">617-975-9750</a></li> <li><a href=""tel:1- 617-975-9750"" target=""_blank"" title=""Call the Office of Patient Relations at BIDMC""></a><a rel=""noopener",https://bidmc.org/contact,2026-08-03T22:25:25.391228
10,Beth Israel Deaconess,USA,sarah.finlaw@bilh.org,"language assistance and interpreter services\"">Language Assistance</a><strong> </strong>for more details.</p>""}},{""@type"":""Question"",""name"":""Media Relations"",""acceptedAnswer"":{""@type"":""Answer"",""text"":""<p><a rel=\""noopene",https://bidmc.org/contact,2026-08-03T22:25:25.392229
10,Beth Israel Deaconess,USA,research@bidmc.harvard.edu,"on MedFlight: <a href=\""1-800-233-8998\"" title=\""Call us\"">800-233-8998</a></li>\n</ul>""}},{""@type"":""Question"",""name"":""Research & Academic Affairs"",""acceptedAnswer"":{""@type"":""Answer"",""text"":""<ul>\n <li><a rel=\""noopener ",https://bidmc.org/contact,2026-08-03T22:25:25.393229
10,Beth Israel Deaconess,USA,bidmccareers@bidmc.harvard.edu,"<div class=""title""> <h2 id=""06aa0bc8-1bfb-4ffe-b432-84b1c50aa6b2__title"">Contact Human Resources</h2> </div> <div class=""buttons""> <a href=""mailto:bidmccareers@bidmc.harvard.edu?subject=Human Resources"" class=""button"">Em",https://bidmc.org/healthcare-professionals-staff,2026-08-03T22:25:25.448544
10,CommonSpirit Health,USA,customer@domain.net,"// e.g., ""fname=John&lname=Smith"" (Test 4) pathAndFragmentPart = """"; // No path part for this format queryPartToProcess = inputString; } else { // No '?', '=', or '&'. Assume it's a single unkeyed value/phrase. // e.g., ",https://www.commonspirit.org/contact-us,2026-08-03T22:19:17.155872
10,Emory Healthcare,USA,andrea.mendez@emory.edu,"ng style=""font-weight: bold;""><span style=""text-decoration: underline;"">Andrea Mendez</span></strong><br> Executive Director of Development, Emory Healthcare<br> Phone:&nbsp;<a href=""tel:678-919-5159"">678-919-5159</a><br",https://www.emoryhealthcare.org/about/make-a-gift,2026-08-03T22:14:25.593127
10,Hackensack Meridian Health,USA,consumerservices@hmhn.or,"538"">848-888-4538</a></span></p> <p>Your experience matters to us. For experience related concerns or questions please contact our Consumer Services Team via phone at <a href=""tel: +18488884538"">848-888-4538</a> or email",https://www.hackensackmeridianhealth.org/en/contact-us,2026-08-03T22:25:14.426853
10,Hackensack Meridian Health,USA,consumerservices@hmhn.org,"n></p> <p>Your experience matters to us. For experience related concerns or questions please contact our Consumer Services Team via phone at <a href=""tel: +18488884538"">848-888-4538</a> or email <a href=""mailto: consumer",https://www.hackensackmeridianhealth.org/en/contact-us,2026-08-03T22:25:14.444849
10,Hackensack Meridian Health,USA,nicole.hardy@hmhn.org,"-47B8-AE0B-B6EBA0D6EB1B}"",""parameters"":"""",""description"":""""},{""itemId"":""{07FEB3D5-350F-4B6F-91FA-DDDFE8944CBA}"",""name"":""Internal Email"",""submitActionId"":""{9E9A8D0A-F681-4784-A289-D7E3E40A8E64}"",""parameters"":""{\""from\"":\""h",https://www.hackensackmeridianhealth.org/en/contact-us,2026-08-03T22:25:14.470860
10,Hackensack Meridian Health,USA,maryjo.layton@hmhn.org,"-47B8-AE0B-B6EBA0D6EB1B}"",""parameters"":"""",""description"":""""},{""itemId"":""{E51E8D17-9E13-45C6-B75E-44B9F45308CE}"",""name"":""Internal Email"",""submitActionId"":""{9E9A8D0A-F681-4784-A289-D7E3E40A8E64}"",""parameters"":""{\""from\"":\""h",https://www.hackensackmeridianhealth.org/en/contact-us,2026-08-03T22:25:14.511849
10,Hackensack Meridian Health,USA,kowsalya.anandhan@accenture.com,"-47B8-AE0B-B6EBA0D6EB1B}"",""parameters"":"""",""description"":""""},{""itemId"":""{AA7B6C8B-F51F-4FEE-9EF0-9DB9F4879225}"",""name"":""Internal Email"",""submitActionId"":""{9E9A8D0A-F681-4784-A289-D7E3E40A8E64}"",""parameters"":""{\""from\"":\""h",https://www.hackensackmeridianhealth.org/en/contact-us,2026-08-03T22:25:14.521848
10,Hackensack Meridian Health,USA,covidvaccine@hmhn.org,"-47B8-AE0B-B6EBA0D6EB1B}"",""parameters"":"""",""description"":""""},{""itemId"":""{1361D77E-63EA-447C-B1B2-67B4032E0557}"",""name"":""Internal Email"",""submitActionId"":""{9E9A8D0A-F681-4784-A289-D7E3E40A8E64}"",""parameters"":""{\""from\"":\""h",https://www.hackensackmeridianhealth.org/en/contact-us,2026-08-03T22:25:14.531859
10,Hackensack Meridian Health,USA,giving@hmhn.org,"-47B8-AE0B-B6EBA0D6EB1B}"",""parameters"":"""",""description"":""""},{""itemId"":""{5212B1A9-33C8-4F40-90BC-B841B9CB0748}"",""name"":""Internal Email"",""submitActionId"":""{9E9A8D0A-F681-4784-A289-D7E3E40A8E64}"",""parameters"":""{\""from\"":\""h",https://www.hackensackmeridianhealth.org/en/contact-us,2026-08-03T22:25:14.545852
10,Hackensack Meridian Health,USA,christine.bowden@hmhn.org,"-47B8-AE0B-B6EBA0D6EB1B}"",""parameters"":"""",""description"":""""},{""itemId"":""{00599AA6-1F41-4235-94F8-D659671E92CB}"",""name"":""Internal Email"",""submitActionId"":""{9E9A8D0A-F681-4784-A289-D7E3E40A8E64}"",""parameters"":""{\""from\"":\""h",https://www.hackensackmeridianhealth.org/en/contact-us,2026-08-03T22:25:14.556849
10,Hackensack Meridian Health,USA,rosem.king@hmhn.org,"""parameters"":"""",""description"":""""},{""itemId"":""{00599AA6-1F41-4235-94F8-D659671E92CB}"",""name"":""Internal Email"",""submitActionId"":""{9E9A8D0A-F681-4784-A289-D7E3E40A8E64}"",""parameters"":""{\""from\"":\""hmhnoreply@hmhn.org\"",\""to\",https://www.hackensackmeridianhealth.org/en/contact-us,2026-08-03T22:25:14.566849
10,Hackensack Meridian Health,USA,alycia.bencivengo@hmhn.org,"-47B8-AE0B-B6EBA0D6EB1B}"",""parameters"":"""",""description"":""""},{""itemId"":""{4B219215-6513-4EBF-8DC5-363D9EFB692A}"",""name"":""Internal Email"",""submitActionId"":""{9E9A8D0A-F681-4784-A289-D7E3E40A8E64}"",""parameters"":""{\""from\"":\""h",https://www.hackensackmeridianhealth.org/en/contact-us,2026-08-03T22:25:14.578857
10,Hackensack Meridian Health,USA,opebmc@hmhn.org,"-47B8-AE0B-B6EBA0D6EB1B}"",""parameters"":"""",""description"":""""},{""itemId"":""{45FB1594-9489-4BEC-B02C-691592E1FA68}"",""name"":""Internal Email"",""submitActionId"":""{9E9A8D0A-F681-4784-A289-D7E3E40A8E64}"",""parameters"":""{\""from\"":\""h",https://www.hackensackmeridianhealth.org/en/contact-us,2026-08-03T22:25:14.588864
10,Hackensack Meridian Health,USA,opehackensackumc@hmhn.org,"-47B8-AE0B-B6EBA0D6EB1B}"",""parameters"":"""",""description"":""""},{""itemId"":""{C472134D-950D-40CD-81E9-637EBAF2C1D0}"",""name"":""Internal Email"",""submitActionId"":""{9E9A8D0A-F681-4784-A289-D7E3E40A8E64}"",""parameters"":""{\""from\"":\""h",https://www.hackensackmeridianhealth.org/en/contact-us,2026-08-03T22:25:14.601850
10,Hackensack Meridian Health,USA,opejsumc@hmhn.org,"-47B8-AE0B-B6EBA0D6EB1B}"",""parameters"":"""",""description"":""""},{""itemId"":""{13089A17-4138-4CE8-B496-7466D753D626}"",""name"":""Internal Email"",""submitActionId"":""{9E9A8D0A-F681-4784-A289-D7E3E40A8E64}"",""parameters"":""{\""from\"":\""h",https://www.hackensackmeridianhealth.org/en/contact-us,2026-08-03T22:25:14.614863
10,Hackensack Meridian Health,USA,opejfk@hmhn.org,"-47B8-AE0B-B6EBA0D6EB1B}"",""parameters"":"""",""description"":""""},{""itemId"":""{DD28E51A-831E-4DAD-9642-3C8911218CAF}"",""name"":""Internal Email"",""submitActionId"":""{9E9A8D0A-F681-4784-A289-D7E3E40A8E64}"",""parameters"":""{\""from\"":\""h",https://www.hackensackmeridianhealth.org/en/contact-us,2026-08-03T22:25:14.630859
10,Hackensack Meridian Health,USA,marketing@mountainsidehosp.com,"-47B8-AE0B-B6EBA0D6EB1B}"",""parameters"":"""",""description"":""""},{""itemId"":""{77B67632-3EB6-49F7-B02F-D7285898E83C}"",""name"":""Internal Email"",""submitActionId"":""{9E9A8D0A-F681-4784-A289-D7E3E40A8E64}"",""parameters"":""{\""from\"":\""h",https://www.hackensackmeridianhealth.org/en/contact-us,2026-08-03T22:25:14.649376
10,Hackensack Meridian Health,USA,opeomc@hmhn.org,"-47B8-AE0B-B6EBA0D6EB1B}"",""parameters"":"""",""description"":""""},{""itemId"":""{CD3D668B-DB3F-4862-ACAD-D3636ABB7A44}"",""name"":""Internal Email"",""submitActionId"":""{9E9A8D0A-F681-4784-A289-D7E3E40A8E64}"",""parameters"":""{\""from\"":\""h",https://www.hackensackmeridianhealth.org/en/contact-us,2026-08-03T22:25:14.663371
10,Hackensack Meridian Health,USA,operbmc@hmhn.org,"-47B8-AE0B-B6EBA0D6EB1B}"",""parameters"":"""",""description"":""""},{""itemId"":""{CE27661B-DC60-437B-8479-3AC7F6F8CE11}"",""name"":""Internal Email"",""submitActionId"":""{9E9A8D0A-F681-4784-A289-D7E3E40A8E64}"",""parameters"":""{\""from\"":\""h",https://www.hackensackmeridianhealth.org/en/contact-us,2026-08-03T22:25:14.675371
10,Hackensack Meridian Health,USA,opepmc@hmhn.org,"-47B8-AE0B-B6EBA0D6EB1B}"",""parameters"":"""",""description"":""""},{""itemId"":""{0393CE52-3712-4F27-AAF8-4B1259503BB2}"",""name"":""Internal Email"",""submitActionId"":""{9E9A8D0A-F681-4784-A289-D7E3E40A8E64}"",""parameters"":""{\""from\"":\""h",https://www.hackensackmeridianhealth.org/en/contact-us,2026-08-03T22:25:14.687374
10,Hackensack Meridian Health,USA,opermc@hmhn.org,"-47B8-AE0B-B6EBA0D6EB1B}"",""parameters"":"""",""description"":""""},{""itemId"":""{0E9A7AEF-137A-4B1D-91F3-33ED95B22B86}"",""name"":""Internal Email"",""submitActionId"":""{9E9A8D0A-F681-4784-A289-D7E3E40A8E64}"",""parameters"":""{\""from\"":\""h",https://www.hackensackmeridianhealth.org/en/contact-us,2026-08-03T22:25:14.697385
10,Hackensack Meridian Health,USA,opesomc@hmhn.org,"-47B8-AE0B-B6EBA0D6EB1B}"",""parameters"":"""",""description"":""""},{""itemId"":""{116F2DDE-C541-4DD0-9AF3-4120BE8417DE}"",""name"":""Internal Email"",""submitActionId"":""{9E9A8D0A-F681-4784-A289-D7E3E40A8E64}"",""parameters"":""{\""from\"":\""h",https://www.hackensackmeridianhealth.org/en/contact-us,2026-08-03T22:25:14.708380
10,Hackensack Meridian Health,USA,bmc.volunteers@hmhn.org,"-47B8-AE0B-B6EBA0D6EB1B}"",""parameters"":"""",""description"":""""},{""itemId"":""{67B47B30-BCF7-4204-B81D-9EA53F2AA779}"",""name"":""Internal Email"",""submitActionId"":""{9E9A8D0A-F681-4784-A289-D7E3E40A8E64}"",""parameters"":""{\""from\"":\""h",https://www.hackensackmeridianhealth.org/en/contact-us,2026-08-03T22:25:14.720383
10,Hackensack Meridian Health,USA,humc.volunteers@hmhn.org,"-47B8-AE0B-B6EBA0D6EB1B}"",""parameters"":"""",""description"":""""},{""itemId"":""{7DED46B0-6EFE-4F15-A85D-F0521F20B189}"",""name"":""Internal Email"",""submitActionId"":""{9E9A8D0A-F681-4784-A289-D7E3E40A8E64}"",""parameters"":""{\""from\"":\""h",https://www.hackensackmeridianhealth.org/en/contact-us,2026-08-03T22:25:14.731376
10,Hackensack Meridian Health,USA,jsumc.volunteers@hmhn.org,"-47B8-AE0B-B6EBA0D6EB1B}"",""parameters"":"""",""description"":""""},{""itemId"":""{7D81535C-6B32-456C-B0B4-2F8F1FD74CB0}"",""name"":""Internal Email"",""submitActionId"":""{9E9A8D0A-F681-4784-A289-D7E3E40A8E64}"",""parameters"":""{\""from\"":\""h",https://www.hackensackmeridianhealth.org/en/contact-us,2026-08-03T22:25:14.743375
10,Hackensack Meridian Health,USA,jfk.volunteers@hmhn.org,"-47B8-AE0B-B6EBA0D6EB1B}"",""parameters"":"""",""description"":""""},{""itemId"":""{E6F9CFA2-A72B-4CA2-9808-0EB6431F5B8D}"",""name"":""Internal Email"",""submitActionId"":""{9E9A8D0A-F681-4784-A289-D7E3E40A8E64}"",""parameters"":""{\""from\"":\""h",https://www.hackensackmeridianhealth.org/en/contact-us,2026-08-03T22:25:14.758383
10,Hackensack Meridian Health,USA,volunteer@mountainsidehosp.com,"-47B8-AE0B-B6EBA0D6EB1B}"",""parameters"":"""",""description"":""""},{""itemId"":""{61C6826F-8F0C-490F-95BB-B3E1CA43EB77}"",""name"":""Internal Email"",""submitActionId"":""{9E9A8D0A-F681-4784-A289-D7E3E40A8E64}"",""parameters"":""{\""from\"":\""h",https://www.hackensackmeridianhealth.org/en/contact-us,2026-08-03T22:25:14.772373
10,Hackensack Meridian Health,USA,oumc.volunteers@hmhn.org,"-47B8-AE0B-B6EBA0D6EB1B}"",""parameters"":"""",""description"":""""},{""itemId"":""{8F2CC960-E4C9-48AB-9B9A-BD199381B9ED}"",""name"":""Internal Email"",""submitActionId"":""{9E9A8D0A-F681-4784-A289-D7E3E40A8E64}"",""parameters"":""{\""from\"":\""h",https://www.hackensackmeridianhealth.org/en/contact-us,2026-08-03T22:25:14.785373
10,Hackensack Meridian Health,USA,rbmc.volunteers@hmhn.org,"-47B8-AE0B-B6EBA0D6EB1B}"",""parameters"":"""",""description"":""""},{""itemId"":""{3AE1BC23-0351-4265-8C00-3F7B359F3261}"",""name"":""Internal Email"",""submitActionId"":""{9E9A8D0A-F681-4784-A289-D7E3E40A8E64}"",""parameters"":""{\""from\"":\""h",https://www.hackensackmeridianhealth.org/en/contact-us,2026-08-03T22:25:14.805375
10,Hackensack Meridian Health,USA,pmc.volunteers@hmhn.org,"-47B8-AE0B-B6EBA0D6EB1B}"",""parameters"":"""",""description"":""""},{""itemId"":""{33E5E202-265A-4732-A741-F5357F0E06F7}"",""name"":""Internal Email"",""submitActionId"":""{9E9A8D0A-F681-4784-A289-D7E3E40A8E64}"",""parameters"":""{\""from\"":\""h",https://www.hackensackmeridianhealth.org/en/contact-us,2026-08-03T22:25:14.821376
10,Hackensack Meridian Health,USA,dawnn.depalma@hackensackumcpv.com,"-47B8-AE0B-B6EBA0D6EB1B}"",""parameters"":"""",""description"":""""},{""itemId"":""{DA26C06B-673C-4D52-B5AB-51E0A56F79A8}"",""name"":""Internal Email"",""submitActionId"":""{9E9A8D0A-F681-4784-A289-D7E3E40A8E64}"",""parameters"":""{\""from\"":\""h",https://www.hackensackmeridianhealth.org/en/contact-us,2026-08-03T22:25:14.851376
10,Hackensack Meridian Health,USA,rmc.volunteers@hmhn.org,"-47B8-AE0B-B6EBA0D6EB1B}"",""parameters"":"""",""description"":""""},{""itemId"":""{70F22167-3F48-4A7E-9D06-8F4206A30FD4}"",""name"":""Internal Email"",""submitActionId"":""{9E9A8D0A-F681-4784-A289-D7E3E40A8E64}"",""parameters"":""{\""from\"":\""h",https://www.hackensackmeridianhealth.org/en/contact-us,2026-08-03T22:25:14.871389
10,Hackensack Meridian Health,USA,somc.volunteers@hmhn.org,"-47B8-AE0B-B6EBA0D6EB1B}"",""parameters"":"""",""description"":""""},{""itemId"":""{6AB64671-AE0E-42B2-B6CE-EB379B76B7D8}"",""name"":""Internal Email"",""submitActionId"":""{9E9A8D0A-F681-4784-A289-D7E3E40A8E64}"",""parameters"":""{\""from\"":\""h",https://www.hackensackmeridianhealth.org/en/contact-us,2026-08-03T22:25:14.894916
10,Hackensack Meridian Health,USA,humanresources@hmhn.org,"03c/a\u003e\u0026nbsp;or call 800-367-5690 (when prompted, provide our Employer Code: 25383). For Health Care Facility Inquiry Regarding Health Care Professional (CN-9 form or similar), submit the request via email to\u0",https://www.hackensackmeridianhealth.org/en/about-us/new-team-members,2026-08-03T22:25:34.878019
10,Hackensack Meridian Health,USA,%20humanresources@hmhn.org,26rdquo;.\u003c/p\u003e\n\u003cp\u003e\u003cstrong\u003ePublic Service Loan Forgiveness Program\u003c/strong\u003e\u0026nbsp;\u0026ndash; Contact the Team Member Service Center at 551-996-2877 or email your request to\u0,https://www.hackensackmeridianhealth.org/en/about-us/new-team-members,2026-08-03T22:25:34.882018
10,Hackensack Meridian Health,USA,bac.teamhmh@ajg.com,uo;t understand my disability benefits.\u003c/p\u003e\n\u003cp\u003e\u003cstrong\u003eContact Information\u003c/strong\u003e\u003c/p\u003e\n\u003cul\u003e\n \u003cli\u003eBAC: 1-833-398-9455\u003c/li\u003e\n \u003cli\u00,https://www.hackensackmeridianhealth.org/en/about-us/new-team-members,2026-08-03T22:25:34.887020
10,Henry Ford Health,USA,marc.corriveau@hfhs.org,"<div class=""component content col-12""> <div class=""component-content""> <div class=""field-content""><p>To contact the Government Affairs department, email us:</p> <p><a aria-label=""Email our VP of Government Affairs, Marc ",https://www.henryford.com/contact-us,2026-08-03T22:26:17.467783
10,Henry Ford Health,USA,schampa1@hfhs.org,"<a aria-label=""Email our VP of Government Affairs, Marc Corriveau"" href=""mailto:Marc.Corriveau@hfhs.org"">Marc Corriveau</a>&nbsp; <br> VP, Government Affairs </p> <p><a aria-label=""Email our manager of Government Affairs",https://www.henryford.com/contact-us,2026-08-03T22:26:17.469781
10,Henry Ford Health,USA,patinq@hfhs.org,"r at one of our locations"" scrolling=""auto"" style=""width: 100%; height: 1800px;"" src=""https://publicsubmission.hfhs.org/PublicFeedback/"" frameborder=""0""></iframe><br class=""t-last-br""> <p>&nbsp;</p> <p>&nbsp;</p> <!--<p>",https://www.henryford.com/about/contact/form,2026-08-03T22:26:32.504884
10,Henry Ford Health,USA,jcanty1@hfhs.org,"k, the representative should provide a digital badge from their mobile device to demonstrate their appointment approval and up-to-date credentials. If you need additional on Henry Ford Health Vendor Compliance Program, p",https://www.henryford.com/about/supply-chain/vendor,2026-08-03T22:26:32.650260
10,Houston Methodist Hospital,USA,sustainability@houstonmethodist.org,"""visible-xs-inline "">Reach Out to Us</div> </div> </div> </div> <div class=""help-box col-lg-12 col-md-12 col-sm-12 col-xs-12 open""> <p><span style=""display: block"">Email Us:</span><a href=""mailto://sustainability@houston",https://www.houstonmethodist.org/about-us/sustainability/,2026-08-03T22:14:05.559421
10,MD Anderson Cancer Center,USA,publicrelations@mdanderson.org,"tion-title"" role=""button"" aria-controls=""faqPanel"" aria-expanded=""false""><span>Media Relations</span> <i class=""fa fa-minus"" aria-hidden=""true"" aria-label=""collapse""></i></h3> <div class=""answer""><p>Media Hotline: 713-79",https://www.mdanderson.org/about-md-anderson/contact-us.html,2026-08-03T22:18:10.158894
10,MD Anderson Cancer Center,USA,giving@mdanderson.org,">How can I contact someone about my donation?</span> <i class=""fa fa-minus"" aria-hidden=""true"" aria-label=""collapse""></i></h3> <div class=""answer""> <p>If you have questions, please call us at 713-792-3450 or 800-525-5841",https://www.mdanderson.org/about-md-anderson/contact-us.html,2026-08-03T22:18:10.160894
10,MUSC Health,USA,ptfamlia@musc.edu,"<section> <div class=""body-content text-left"" id=""bodycontentadditionalinformation""> <div> <p></p><p>During business hours, or, complete the online form below. You may also email us directly at <a href=""mailto:ptfamlia@m",https://muschealth.org/patients-visitors/contact-us/family-liaison,2026-08-03T22:40:45.081288
10,Massachusetts General Hospital,USA,careers@partners.org,"<div class=""table__column""> <p><a class=""none"" href=""tel:617-726-2477"">617-726-2477</a></p> </div> </div> <div class=""table__row""> <div class=""table__column""> <p>Human Resources</p> </div> <div class=""table__column""> <p>",https://www.massgeneral.org/contact/directory,2026-08-03T22:10:49.659759
10,Mayo Clinic,USA,opx@mayo.edu,"tid=""cmp-text""><div class=""cmp-text__rich-content cmp-text--body-sans-small cmp-text--color-primary ""><ul> <li>Phone:&nbsp;<a href=""tel:8445440036"" kameleoonlistener-uk45=""true"">844-544-0036</a>&nbsp;(toll-free)</li> <li",https://www.mayoclinic.org/about-mayo-clinic/patient-experience,2026-08-03T22:10:09.793741
10,Moffitt Cancer Center,USA,patientinput@moffitt.org,"re team has not resolved your concerns or you would like to recognize someone in your care team, contact Patient Relations from 8 a.m. to 5 p.m. on weekdays.</p> <p>Call <a href=""http://tel=813-745-3808"">813-745-3808</a>",https://www.moffitt.org/about-moffitt/contact-us,2026-08-03T22:40:51.571143
10,Moffitt Cancer Center,USA,fcuinsurancenavigator@moffitt.org,quirements before consultation and treatment at Moffitt Cancer Center. Our financial clearance specialists can confirm whether any plan you might be considering will cover Moffitt services and specialists. For more infor,https://www.moffitt.org/about-moffitt/contact-us,2026-08-03T22:40:51.572143
10,Mount Sinai Health System,USA,mshpatientrelations@mountsinai.org,<p>The Mount Sinai Health System has Patient Relations offices at each of the main hospital campuses. You may reach Patient Relations by email or by phone.</p> <p><strong>Mount Sinai Hospital Patient Relations Office:</s,https://www.mountsinai.org/about/contact,2026-08-03T22:16:56.449717
10,Mount Sinai Health System,USA,msqpatientrelations@mountsinai.org,"spital Patient Relations Office:</strong><br> <a href=""mailto:MSHPatientRelations@mountsinai.org"">MSHPatientRelations@mountsinai.org</a> or (212) 659-8990</p> <p><strong>Mount Sinai Queens Patient Relation office:&nbsp;<",https://www.mountsinai.org/about/contact,2026-08-03T22:16:56.452717
10,Mount Sinai Health System,USA,mswpatientrelations@mountsinai.org,"i Queens Patient Relation office:&nbsp;</strong><br> <a href=""mailto:MSQPatientRelations@mountsinai.org"">MSQPatientRelations@mountsinai.org</a> or (718) 267-4310<br> <br> <strong>Mount Sinai West Patient Relation office:",https://www.mountsinai.org/about/contact,2026-08-03T22:16:56.454716
10,Mount Sinai Health System,USA,patientrelations@nyee.edu,"ion office:</strong><br> <a href=""mailto:mswpatientrelations@mountsinai.org"">mswpatientrelations@mountsinai.org</a> or (212) 523-7225</p> <p><strong>New York Eye and Ear Infirmary of Mount Sinai Patient Relation office:<",https://www.mountsinai.org/about/contact,2026-08-03T22:16:56.457732
10,Mount Sinai Health System,USA,msmpatientrelations@mountsinai.org,"on office:</strong><br> <a href=""mailto:PatientRelations@nyee.edu"" title=""mailto:PatientRelations@nyee.edu"">PatientRelations@nyee.edu</a> or (212) 979-4637</p> <p><strong>Mount Sinai Morningside Patient Relation office:<",https://www.mountsinai.org/about/contact,2026-08-03T22:16:56.459737
10,Mount Sinai Health System,USA,msbpatientrep@mountsinai.org,"<a href=""mailto:MSMPatientRelations@mountsinai.org"" title=""mailto:MSMPatientRelations@mountsinai.org"">MSMPatientRelations@mountsinai.org</a> or (212) 523-3700</p> <p><strong>Mount Sinai Brooklyn Patient Relation office:<",https://www.mountsinai.org/about/contact,2026-08-03T22:16:56.461729
10,Mount Sinai Health System,USA,mssnpatientrelations@mountsinai.org,"/strong><br> <a href=""mailto:MSBPatientRep@mountsinai.org"" title=""mailto:MSBPatientRep@mountsinai.org"">MSBPatientRep@mountsinai.org</a> or (718) 951-3005</p> <p><strong>Mount Sinai South Nassau Patient Relations office:<",https://www.mountsinai.org/about/contact,2026-08-03T22:16:56.463732
10,NYU Langone Health,USA,admissions@med.nyu.edu,">516-663-2058</a></p><h2>Medical Education Information</h2><p><a href=""https://med.nyu.edu/education"" target=""_blank"">NYU Grossman School of Medicine</a><br><a class=""nyulmc_telephone_link"" href=""tel:646-929-7890"">646-92",https://nyulangone.org/contact-us,2026-08-03T22:17:35.149060
10,NYU Langone Health,USA,alumni@med.nyu.edu,"yulmc_telephone_link"" href=""tel:646-929-7905"">646-929-7905</a></p><p><a href=""https://med.nyu.edu/alumni/"" target=""_blank"">Office of Alumni Relations</a><br><a class=""nyulmc_telephone_link"" href=""tel:646-929-7910"">646-92",https://nyulangone.org/contact-us,2026-08-03T22:17:35.152058
10,NYU Langone Health,USA,news@nyulangone.org,"du"">alumni@med.nyu.edu</a></p><h2>Media Information</h2><p><a href=""/news/media-contacts"">Communications, Marketing, Government and Community Affairs</a><br><a class=""nyulmc_telephone_link"" href=""tel:212-404-3500"">212-40",https://nyulangone.org/contact-us,2026-08-03T22:17:35.154060
10,NYU Langone Health,USA,askred+f@nyulangone.org,"te practice.</p><p>The FGP office provides support to FGP practices throughout the tri-state area to keep them running smoothly for patients, physicians, and office administrators.</p><h2>Real Estate Development and Faci",https://nyulangone.org/contact-us,2026-08-03T22:17:35.155060
10,OhioState Wexner Medical Center,USA,webmaster@osumc.edu,"/locations-legacy"">Locations and Parking</a></li> <li><a href=""/healthcare-professionals"">Healthcare Professionals</a></li> </ul> <h4>Can we help?</h4> <ul> <li><a href=""mailto:webmaster@osumc.edu"">Email Us</a></li> </ul",https://wexnermedical.osu.edu/utility/contact-us,2026-08-03T22:26:16.911386
10,OhioState Wexner Medical Center,USA,osucareconnection@osumc.edu,"Link"">614-293-8000</span></strong></span></p> <p><strong><span class=""rtfText--red"">If this is an emergency, dial 911.</span></strong></p> <hr> <h2>Contact by email </h2> <p><span class=""rtfText--large"">Medical and gener",https://wexnermedical.osu.edu/contact-us,2026-08-03T22:26:27.990827
10,OhioState Wexner Medical Center,USA,james.patientexperience@osumc.edu,"l questions: <a href=""mailto:OSUCareConnection@osumc.edu"">OSUCareConnection@osumc.edu</a> </span></p> <p><span class=""rtfText--large"">Patient experience: <a href=""mailto:OSUCareConnection@osumc.edu"">OSUCareConnection@osu",https://wexnermedical.osu.edu/contact-us,2026-08-03T22:26:27.991830
10,OhioState Wexner Medical Center,USA,destinationmedicine@osumc.edu,"<div class=""contactUs__item""> <h2 class=""contactUs__itemTitle"">Destination Medicine</h2> <div class=""contactUs__itemDesc""><p>Email:&nbsp;<a href=""mailto:DestinationMedicine@osumc.edu"">Destination Medicine</a></p></div> <",https://wexnermedical.osu.edu/contact-us,2026-08-03T22:26:27.992831
10,OhioState Wexner Medical Center,USA,mycharttechsupport@osumc.edu,"tem""> <h2 class=""contactUs__itemTitle"">MyChart Technical Support</h2> <div class=""contactUs__itemDesc""><p>Monday-Friday, 8 a.m.-6 p.m.</p> <p>Email:&nbsp;<a href=""mailto:MyChartTechSupport@osumc.edu"">Tech Support</a></p>",https://wexnermedical.osu.edu/contact-us,2026-08-03T22:26:27.993831
10,OhioState Wexner Medical Center,USA,compliance@osumc.edu,"<div class=""contactUs__item""> <h2 class=""contactUs__itemTitle"">Privacy (HIPAA) and Compliance</h2> <div class=""contactUs__itemDesc""><p>Email: <a href=""mailto:compliance@osumc.edu?subject=Privacy%20and%2For%20Compliance%2",https://wexnermedical.osu.edu/contact-us,2026-08-03T22:26:27.994832
10,St. Jude Children's,USA,donors@stjude.org,"""> <label for=""contact-subject"">Subject</label> <select name=""subjectEmail"" id=""contact-subject""> <option value="""">Choose your topic</option> <option value=""General information;;donors@stjude.org"">General information</op",https://www.stjude.org/contact-us.html,2026-08-03T22:41:16.264909
10,St. Jude Children's,USA,referringphysiciansoffice@stjude.org,"=""subjectEmail"" id=""contact-subject""> <option value="""">Choose your topic</option> <option value=""General information;;donors@stjude.org"">General information</option><option value=""Physician / Patient Referral;;referringp",https://www.stjude.org/contact-us.html,2026-08-03T22:41:16.268908
10,St. Jude Children's,USA,tributes@stjude.org,"on value=""Mailing list update or removal requests (please tell us your mailing address);;donors@stjude.org"">Mailing list update or removal requests (please tell us your mailing address)</option><option value=""Dedications",https://www.stjude.org/contact-us.html,2026-08-03T22:41:16.273905
10,St. Jude Children's,USA,giftplanning@stjude.org,"requests (please tell us your mailing address)</option><option value=""Dedications of donations or life events;;tributes@stjude.org"">Dedications of donations or life events</option><option value=""Legacy gifts (bequests, a",https://www.stjude.org/contact-us.html,2026-08-03T22:41:16.284554
10,St. Jude Children's,USA,workplacegiving@stjude.org,"stjude.org"">Dedications of donations or life events</option><option value=""Legacy gifts (bequests, annuities, foundations, etc.);;giftplanning@stjude.org"">Legacy gifts (bequests, annuities, foundations, etc.)</option><op",https://www.stjude.org/contact-us.html,2026-08-03T22:41:16.288567
10,St. Jude Children's,USA,matchinggifts@stjude.org,"fts (bequests, annuities, foundations, etc.);;giftplanning@stjude.org"">Legacy gifts (bequests, annuities, foundations, etc.)</option><option value=""Workplace giving;;workplacegiving@stjude.org"">Workplace giving</option><",https://www.stjude.org/contact-us.html,2026-08-03T22:41:16.291563
10,St. Jude Children's,USA,hopecatalog@stjude.org,"(bequests, annuities, foundations, etc.)</option><option value=""Workplace giving;;workplacegiving@stjude.org"">Workplace giving</option><option value=""Matching gifts;;matchinggifts@stjude.org"">Matching gifts</option><opti",https://www.stjude.org/contact-us.html,2026-08-03T22:41:16.295564
10,St. Jude Children's,USA,donorexperience@stjude.org,"giving@stjude.org"">Workplace giving</option><option value=""Matching gifts;;matchinggifts@stjude.org"">Matching gifts</option><option value=""St. Jude Gift Shop;;hopecatalog@stjude.org"">St. Jude Gift Shop</option><option va",https://www.stjude.org/contact-us.html,2026-08-03T22:41:16.300566
10,Tampa General Hospital,USA,patientrelations@tgh.org,"<p>Tampa General Hospital appreciates your feedback. If you would like to submit a compliment, our Patient Relations Department will ensure it is shared with the appropriate members of the team. Please e-mail <a href=""ma",https://www.tgh.org/about-tgh/contact-us,2026-08-03T22:41:08.658748
10,Tampa General Hospital,USA,joinourteam@tgh.org,"s-at-tampa-general"">visit our Careers section to search jobs and apply online</a>. For questions regarding application status, please call our Human Resources department at <a href=""tel:8138447551"">(813) 844-7551</a> or ",https://www.tgh.org/about-tgh/contact-us,2026-08-03T22:41:08.658748
10,Tampa General Hospital,USA,volunteer@tgh.org,"t our <a href=""https://www.tgh.org/about-tgh/become-a-volunteer"" target=""_blank"" rel=""noopener noreferrer"">Become a Volunteer</a> page for more information and to access the application.</p> <p>If you have any questions,",https://www.tgh.org/about-tgh/contact-us,2026-08-03T22:41:08.658748
10,UC Davis Health,USA,hs-privacyprogram@ucdavis.edu,"=""text-align: left; padding: 16px; border: 2px solid #DBDBDB;""><a href=""https://health.ucdavis.edu/compliance/privacy/"">Compliance and Privacy Services</a></td> <td style=""padding: 16px; text-align: right; border: 2px so",https://health.ucdavis.edu/contactus/,2026-08-03T22:42:19.741800
10,UC Davis Health,USA,hs-publicaffairs@ucdavis.edu,"v> </div> </div> <div class=""wrapper site-footer-links""> <div class=""row row-cols-1 row-cols-sm-2 row-cols-md-3 pt-3""> <div class=""col""><p><strong>Monday - Friday, 8 a.m. - 5 p.m.</strong><br><a href=""mailto:hs-publicaff",https://health.ucdavis.edu/news/for-journalists/contact,2026-08-03T22:42:26.807952
10,UCSF Medical Center,USA,ims@ucsf.edu,"/billing-insurance/health-insurance"">Health Insurance</a></li> <li>Information Desk: 415-353-1664</li> <li><a href=""/patients-visitors/support-services/international-services"">International Patients</a>: 415-353-8489 or ",https://www.ucsfhealth.org/contact-us,2026-08-03T22:10:18.769722
10,UCSF Medical Center,USA,patient.relations@ucsf.edu,"and Directions</a></li> <li><a href=""/patients-visitors/medical-records"">Medical Records</a>: 415-353-2221</li> <li><a href=""/patients-visitors/support-services/patient-relations"">Patient Relations</a>: 415-353-1936 or e",https://www.ucsfhealth.org/contact-us,2026-08-03T22:10:18.773720
10,UCSF Medical Center,USA,pricingtransparency@ucsf.edu,"your visit and care, call the Patient Estimate Program toll-free at (844) 678-6831 or visit our Billing &amp; Insurance&nbsp;page for more information.</p> <p>For questions about our standard charges posted above, please",https://www.ucsfhealth.org/about/price-transparency,2026-08-03T22:10:50.769525
10,UCSF Medical Center,USA,patientestimate@ucsf.edu,"er.org/UCSFMychart/guestestimates"" target=""_blank""><button type=""button"" class=""btn btn-primary"">Get a price estimate online</button></a></p><p>Phone: <a href=""tel:Toll-free: (844) 678-6831"">Toll-free: (844) 678-6831</a>",https://www.ucsfhealth.org/about/price-transparency,2026-08-03T22:10:50.770526
10,UChicago Medicine,USA,managed.care@uchospitals.edu,"ould contact your insurance company to confirm UChicago Medicine participates in their network before scheduling your appointment. If your insurance company is not listed here, or if you have any other questions, please ",https://www.uchicagomedicine.org/contact-us,2026-08-03T22:25:53.085017
10,UChicago Medicine,USA,safetyrisk@uchospitals.edu,"ion?</h2> <p>If you or your family member has a concern related to quality or patient safety, please feel free to contact a University of Chicago Medicine representative in the Office of Patient Safety at 773-834-0473 or",https://www.uchicagomedicine.org/about-us/jcaho-public-notice,2026-08-03T22:26:03.129976
10,UChicago Medicine,USA,patientsafetyreport@jointcommission.org,"<h4>Division of Accreditation Operations</h4> <p> Office of Quality and Patient Safety<br> The Joint Commission<br> One Renaissance Boulevard<br> Oakbrook Terrace, Illinois 60181<br> Tel: 800-994-6610<br> Fax: 630-792-56",https://www.uchicagomedicine.org/about-us/jcaho-public-notice,2026-08-03T22:26:03.132977
10,UChicago Medicine,USA,news@uchicagomedicine.org,"medical research (Biological Sciences Division)</p> <h4><strong>For media relations assistance:</strong></h4> <p>Our media relations team is available Monday through Friday, between 8 a.m. and 5 p.m. Central Time. Send i",https://www.uchicagomedicine.org/about-us/media-newsroom,2026-08-03T22:26:03.891483
10,UChicago Medicine,USA,privacy@uchicagomedicine.org,"p> <p><span><strong></strong></span>You have the right to a copy of this notice (in paper or electronic form) and to discuss it with the Chief Privacy Office or designee at&nbsp;<a href=""tel:17738349716"">773-834-9716</a>",https://www.uchicagomedicine.org/about-us/privacy-practices,2026-08-03T22:26:04.903723
10,UChicago Medicine,USA,interpreterservices2@uchicagomedicine.org,"l:18774405480"">877-440-5480</a>, option 2</li> </ul> <p><strong>Language interpreter services for patients and caregivers are free of charge.</strong> Please contact us at:&nbsp;<a href=""tel:17737026330"">773-702-6330</a>",https://www.uchicagomedicine.org/about-us/privacy-practices,2026-08-03T22:26:04.910684
10,UChicago Medicine,USA,givetomedicine@bsd.uchicago.edu,"se not to get these communications at any time by contacting our:</strong></p> <ul> <li>University of Chicago Medical Center Development Office by phone at&nbsp;<a href=""tel:17738349166"">773-834-9166</a>&nbsp;or by e-mai",https://www.uchicagomedicine.org/about-us/privacy-practices,2026-08-03T22:26:04.917692
10,UChicago Medicine,USA,foundation@ingalls.org,"e-mail at&nbsp;<a href=""mailto:givetomedicine@bsd.uchicago.edu"">givetomedicine@bsd.uchicago.edu</a></li> <li>Ingalls Hospital Development Office by phone at&nbsp;<a href=""tel:17089156115"">708-915-6115</a>&nbsp;or by emai",https://www.uchicagomedicine.org/about-us/privacy-practices,2026-08-03T22:26:04.924682
10,UPMC,USA,help@myupmc.com,"estions and concerns. Please call UPMC Patient Financial Services Center or UPMC Customer Service or visit our Paying My Bill site to learn more about the services we offer, such as payment plans, price estimates, and Fi",https://www.upmc.com/contact,2026-08-03T22:11:23.180505
10,UR Medicine Rochester,USA,webmaster@urmc.rochester.edu,"<div class=""fr-view""> <h3 class=""eyebrow text-center"" style=""text-align: center"">Website Questions/Comments</h3><p style=""text-align: center"">To submit feedback on the website, please send an email to: <a href=""mailto:we",https://www.urmc.rochester.edu/contact.aspx,2026-08-03T22:26:30.476475
10,UR Medicine Rochester,USA,jmh-wecare@urmc.rochester.edu,"<div class=""fr-view""> <h2>General Comments, Questions or Suggestions?</h2><p>JMH welcomes your input!</p><p>Please contact us.</p><ul><li><strong>For general inquiries or comments</strong>, please send us <a href=""mailto",https://www.urmc.rochester.edu/jones-memorial-hospital/contact-us.aspx,2026-08-03T22:26:40.721647
10,UR Medicine Rochester,USA,meghangonzales@wellsvilleny.com,";Wellsville, NY 14895</p></li></ul><div class=""box-blue""><h3 style=""text-align: center"">Looking for a Copy of Your Birth Certificate?</h3><p style=""text-align: center"">For information how to get a copy of your birth cert",https://www.urmc.rochester.edu/jones-memorial-hospital/contact-us.aspx,2026-08-03T22:26:40.738691
10,UR Medicine Rochester,USA,jobsatjmh@urmc.rochester.edu,"Insurance, and Financial Assistance</a>.</p><h2>Interested in Employment Opportunities?</h2><p>If you would like information about <a href=""/jones-memorial-hospital/employment.aspx"">employment opportunities</a> at JMH, p",https://www.urmc.rochester.edu/jones-memorial-hospital/contact-us.aspx,2026-08-03T22:26:40.746748
10,UR Medicine Rochester,USA,noyes-patientrelations@urmc.rochester.edu,"r-content""> <p class=""text-small boilerplate"">If you have comments or concerns about your care at Noyes, please contact our Quality Patient Relations Specialist at <a href=""tel:1-585-335-4388"">(585) 335-4388</a>&nbsp;or ",https://www.urmc.rochester.edu/noyes/contact-us.aspx,2026-08-03T22:26:47.812073
10,UR Medicine Rochester,USA,complaint@jointcommission.org,"mc.rochester.edu</a>.&nbsp;If you are not satisfied with the response you receive (if requested), you have the option&nbsp;of contacting the NYSDOH at <a href=""tel:1-585-423-8100"">(585) 423-8100</a>, or The Joint Commiss",https://www.urmc.rochester.edu/noyes/contact-us.aspx,2026-08-03T22:26:47.819119
